,Model,Mileage in mi,Dealer Name,Rating,Rating Count,Price in $,Brand Name,Year
0,"['XC90', 'T6', 'Momentum', '7', 'Passenger']","12,145 mi.",Bedard Bros,4.2,90,"$48,995", Volvo,2020
1,"['V90', 'Cross', 'Country', 'B']","6,055 mi.",Crest Volvo Cars,4.8,1606,"$59,437", Volvo,2022
2,"['XC40', 'T5', 'R-Design']","40,783 mi.",Rickenbaugh Cadillac Volvo Cars,4.9,2659,"$40,000", Volvo,2020
3,"['XC60', 'Inscription']","2,442 mi.",Gengras Volvo,4.5,159,"$56,325", Volvo,2022
4,"['S90', 'Hybrid', 'T8', 'R-Design']","36,555 mi.",Ken Pollock Volvo Cars,4.9,644,"$53,990", Volvo,2020
5,"['S60', 'Hybrid', 'T8', 'Inscription']","35,169 mi.",Niello Volvo Cars Sacramento,4.5,18,"$46,440", Volvo,2019
6,"['XC40', 'T5', 'R-Design']","20,047 mi.",Jaguar Land Rover Porsche Volvo Cars of Greenville,4.6,496,"$42,398", Volvo,2021
7,"['XC40', 'T4', 'Momentum']","15,855 mi.",Crown Volvo Cars,4.9,1490,"$30,491", Volvo,2020
8,"['XC60', 'T5', 'Momentum']","9,641 mi.",Niello Volvo Cars Sacramento,4.5,18,"$44,240", Volvo,2021
9,"['XC60', 'Recharge', 'Plug-In', 'Hybrid', 'T8', 'Inscription']","8,084 mi.",Crippen Automotive,4.9,1143,"$62,903", Volvo,2022
10,"['XC40', 'T4', 'Momentum']","24,146 mi.",Crest Volvo Cars,4.8,1606,"$38,884", Volvo,2021
11,"['V60', 'Cross', 'Country', 'T5']","36,326 mi.",Volvo Cars San Diego,4.4,130,"$38,792", Volvo,2020
12,"['XC40', 'T5', 'Inscription']","19,625 mi.",Crown Volvo Cars,4.9,1490,"$39,991", Volvo,2020
13,"['XC60', 'Recharge', 'Plug-In', 'Hybrid', 'T8', 'Inscription']","11,296 mi.",The Autobarn Volvo Cars of Oak Park,4.8,944,"$64,990", Volvo,2022
14,"['XC90', 'Recharge', 'Plug-In', 'Hybrid', 'T8', 'Inscription', 'Extended', 'Range', '6P']","1,684 mi.",Volvo Cars of Marietta,4.8,1119,"$78,989", Volvo,2022
15,"['S60', 'B5', 'R-Design']","4,511 mi.",Volvo Cars Gilbert,4.7,296,"$42,600", Volvo,2022
16,"['V90', 'T5', 'R-Design']","40,406 mi.",Secor Volvo,4.7,1057,"$39,995", Volvo,2019
17,"['S60', 'T5']","38,892 mi.",McLarty Volvo Cars of Little Rock,4.8,274,"$35,790", Volvo,2021
18,"['XC40', 'Recharge', 'Pure', 'Electric', 'P']","14,877 mi.",Ken Pollock Volvo Cars,4.9,644,"$55,490", Volvo,2021
19,"['V90', 'T5', 'R-Design']","33,386 mi.",Volvo Cars Mall of Georgia,4.9,2187,"$48,000", Volvo,2021
20,"['XC90', 'T6', 'Momentum', '7', 'Passenger']","12,145 mi.",Bedard Bros,4.2,90,"$48,995", Volvo,2020
21,"['V90', 'Cross', 'Country', 'B']","6,055 mi.",Crest Volvo Cars,4.8,1606,"$59,437", Volvo,2022
22,"['XC60', 'Inscription']","2,442 mi.",Gengras Volvo,4.5,159,"$56,325", Volvo,2022
23,"['XC40', 'T5', 'R-Design']","40,783 mi.",Rickenbaugh Cadillac Volvo Cars,4.9,2659,"$40,000", Volvo,2020
24,"['S90', 'Hybrid', 'T8', 'R-Design']","36,555 mi.",Ken Pollock Volvo Cars,4.9,644,"$53,990", Volvo,2020
25,"['S60', 'Hybrid', 'T8', 'Inscription']","35,169 mi.",Niello Volvo Cars Sacramento,4.5,18,"$46,440", Volvo,2019
26,"['XC40', 'T5', 'R-Design']","20,047 mi.",Jaguar Land Rover Porsche Volvo Cars of Greenville,4.6,496,"$42,398", Volvo,2021
27,"['XC40', 'T4', 'Momentum']","15,855 mi.",Crown Volvo Cars,4.9,1490,"$30,491", Volvo,2020
28,"['XC60', 'T5', 'Momentum']","9,641 mi.",Niello Volvo Cars Sacramento,4.5,18,"$44,240", Volvo,2021
29,"['XC60', 'Recharge', 'Plug-In', 'Hybrid', 'T8', 'Inscription']","8,084 mi.",Crippen Automotive,4.9,1143,"$62,903", Volvo,2022
30,"['XC40', 'T4', 'Momentum']","24,146 mi.",Crest Volvo Cars,4.8,1606,"$38,884", Volvo,2021
31,"['V60', 'Cross', 'Country', 'T5']","36,326 mi.",Volvo Cars San Diego,4.4,130,"$38,792", Volvo,2020
32,"['XC40', 'T5', 'Inscription']","19,625 mi.",Crown Volvo Cars,4.9,1490,"$39,991", Volvo,2020
33,"['XC60', 'Recharge', 'Plug-In', 'Hybrid', 'T8', 'Inscription']","11,296 mi.",The Autobarn Volvo Cars of Oak Park,4.8,944,"$64,990", Volvo,2022
34,"['XC90', 'Recharge', 'Plug-In', 'Hybrid', 'T8', 'Inscription', 'Extended', 'Range', '6P']","1,684 mi.",Volvo Cars of Marietta,4.8,1119,"$78,989", Volvo,2022
35,"['S60', 'B5', 'R-Design']","4,511 mi.",Volvo Cars Gilbert,4.7,296,"$42,600", Volvo,2022
36,"['V90', 'T5', 'R-Design']","40,406 mi.",Secor Volvo,4.7,1057,"$39,995", Volvo,2019
37,"['S60', 'T5']","38,892 mi.",McLarty Volvo Cars of Little Rock,4.8,274,"$35,790", Volvo,2021
38,"['XC40', 'Recharge', 'Pure', 'Electric', 'P']","14,877 mi.",Ken Pollock Volvo Cars,4.9,644,"$55,490", Volvo,2021
39,"['V90', 'T5', 'R-Design']","33,386 mi.",Volvo Cars Mall of Georgia,4.9,2187,"$48,000", Volvo,2021
40,"['XC90', 'T6', 'Momentum', '7', 'Passenger']","12,145 mi.",Bedard Bros,4.2,90,"$48,995", Volvo,2020
41,"['V90', 'Cross', 'Country', 'B']","6,055 mi.",Crest Volvo Cars,4.8,1606,"$59,437", Volvo,2022
42,"['XC60', 'Inscription']","2,442 mi.",Gengras Volvo,4.5,159,"$56,325", Volvo,2022
43,"['XC40', 'T5', 'R-Design']","40,783 mi.",Rickenbaugh Cadillac Volvo Cars,4.9,2659,"$40,000", Volvo,2020
44,"['S90', 'Hybrid', 'T8', 'R-Design']","36,555 mi.",Ken Pollock Volvo Cars,4.9,644,"$53,990", Volvo,2020
45,"['XC40', 'T4', 'Momentum']","15,855 mi.",Crown Volvo Cars,4.9,1490,"$30,491", Volvo,2020
46,"['XC40', 'T5', 'R-Design']","20,047 mi.",Jaguar Land Rover Porsche Volvo Cars of Greenville,4.6,496,"$42,398", Volvo,2021
47,"['S60', 'Hybrid', 'T8', 'Inscription']","35,169 mi.",Niello Volvo Cars Sacramento,4.5,18,"$46,440", Volvo,2019
48,"['XC60', 'Recharge', 'Plug-In', 'Hybrid', 'T8', 'Inscription']","8,084 mi.",Crippen Automotive,4.9,1143,"$62,903", Volvo,2022
49,"['XC60', 'T5', 'Momentum']","9,641 mi.",Niello Volvo Cars Sacramento,4.5,18,"$44,240", Volvo,2021
50,"['XC40', 'T4', 'Momentum']","24,146 mi.",Crest Volvo Cars,4.8,1606,"$38,884", Volvo,2021
51,"['V60', 'Cross', 'Country', 'T5']","36,326 mi.",Volvo Cars San Diego,4.4,130,"$38,792", Volvo,2020
52,"['XC40', 'T5', 'Inscription']","19,625 mi.",Crown Volvo Cars,4.9,1490,"$39,991", Volvo,2020
53,"['XC60', 'Recharge', 'Plug-In', 'Hybrid', 'T8', 'Inscription']","11,296 mi.",The Autobarn Volvo Cars of Oak Park,4.8,944,"$64,990", Volvo,2022
54,"['XC90', 'Recharge', 'Plug-In', 'Hybrid', 'T8', 'Inscription', 'Extended', 'Range', '6P']","1,684 mi.",Volvo Cars of Marietta,4.8,1119,"$78,989", Volvo,2022
55,"['S60', 'B5', 'R-Design']","4,511 mi.",Volvo Cars Gilbert,4.7,296,"$42,600", Volvo,2022
56,"['V90', 'T5', 'R-Design']","40,406 mi.",Secor Volvo,4.7,1057,"$39,995", Volvo,2019
57,"['S60', 'T5']","38,892 mi.",McLarty Volvo Cars of Little Rock,4.8,274,"$35,790", Volvo,2021
58,"['XC40', 'Recharge', 'Pure', 'Electric', 'P']","14,877 mi.",Ken Pollock Volvo Cars,4.9,644,"$55,490", Volvo,2021
59,"['V90', 'T5', 'R-Design']","33,386 mi.",Volvo Cars Mall of Georgia,4.9,2187,"$48,000", Volvo,2021
60,"['XC90', 'T6', 'Momentum', '7', 'Passenger']","12,145 mi.",Bedard Bros,4.2,90,"$48,995", Volvo,2020
61,"['V90', 'Cross', 'Country', 'B']","6,055 mi.",Crest Volvo Cars,4.8,1606,"$59,437", Volvo,2022
62,"['XC60', 'Inscription']","2,442 mi.",Gengras Volvo,4.5,159,"$56,325", Volvo,2022
63,"['XC40', 'T5', 'R-Design']","40,783 mi.",Rickenbaugh Cadillac Volvo Cars,4.9,2659,"$40,000", Volvo,2020
64,"['S90', 'Hybrid', 'T8', 'R-Design']","36,555 mi.",Ken Pollock Volvo Cars,4.9,644,"$53,990", Volvo,2020
65,"['S60', 'Hybrid', 'T8', 'Inscription']","35,169 mi.",Niello Volvo Cars Sacramento,4.5,18,"$46,440", Volvo,2019
66,"['XC40', 'T5', 'R-Design']","20,047 mi.",Jaguar Land Rover Porsche Volvo Cars of Greenville,4.6,496,"$42,398", Volvo,2021
67,"['XC40', 'T4', 'Momentum']","15,855 mi.",Crown Volvo Cars,4.9,1490,"$30,491", Volvo,2020
68,"['XC60', 'T5', 'Momentum']","9,641 mi.",Niello Volvo Cars Sacramento,4.5,18,"$44,240", Volvo,2021
69,"['XC60', 'Recharge', 'Plug-In', 'Hybrid', 'T8', 'Inscription']","8,084 mi.",Crippen Automotive,4.9,1143,"$62,903", Volvo,2022
70,"['XC40', 'T4', 'Momentum']","24,146 mi.",Crest Volvo Cars,4.8,1606,"$38,884", Volvo,2021
71,"['V60', 'Cross', 'Country', 'T5']","36,326 mi.",Volvo Cars San Diego,4.4,130,"$38,792", Volvo,2020
72,"['XC40', 'T5', 'Inscription']","19,625 mi.",Crown Volvo Cars,4.9,1490,"$39,991", Volvo,2020
73,"['XC60', 'Recharge', 'Plug-In', 'Hybrid', 'T8', 'Inscription']","11,296 mi.",The Autobarn Volvo Cars of Oak Park,4.8,944,"$64,990", Volvo,2022
74,"['XC90', 'Recharge', 'Plug-In', 'Hybrid', 'T8', 'Inscription', 'Extended', 'Range', '6P']","1,684 mi.",Volvo Cars of Marietta,4.8,1119,"$78,989", Volvo,2022
75,"['S60', 'B5', 'R-Design']","4,511 mi.",Volvo Cars Gilbert,4.7,296,"$42,600", Volvo,2022
76,"['V90', 'T5', 'R-Design']","40,406 mi.",Secor Volvo,4.7,1057,"$39,995", Volvo,2019
77,"['S60', 'T5']","38,892 mi.",McLarty Volvo Cars of Little Rock,4.8,274,"$35,790", Volvo,2021
78,"['XC40', 'Recharge', 'Pure', 'Electric', 'P']","14,877 mi.",Ken Pollock Volvo Cars,4.9,644,"$55,490", Volvo,2021
79,"['V90', 'T5', 'R-Design']","33,386 mi.",Volvo Cars Mall of Georgia,4.9,2187,"$48,000", Volvo,2021
80,"['XC90', 'T6', 'Momentum', '7', 'Passenger']","12,145 mi.",Bedard Bros,4.2,90,"$48,995", Volvo,2020
81,"['V90', 'Cross', 'Country', 'B']","6,055 mi.",Crest Volvo Cars,4.8,1606,"$59,437", Volvo,2022
82,"['XC60', 'Inscription']","2,442 mi.",Gengras Volvo,4.5,159,"$56,325", Volvo,2022
83,"['XC40', 'T5', 'R-Design']","40,783 mi.",Rickenbaugh Cadillac Volvo Cars,4.9,2659,"$40,000", Volvo,2020
84,"['S90', 'Hybrid', 'T8', 'R-Design']","36,555 mi.",Ken Pollock Volvo Cars,4.9,644,"$53,990", Volvo,2020
85,"['XC40', 'T4', 'Momentum']","15,855 mi.",Crown Volvo Cars,4.9,1490,"$30,491", Volvo,2020
86,"['XC40', 'T5', 'R-Design']","20,047 mi.",Jaguar Land Rover Porsche Volvo Cars of Greenville,4.6,496,"$42,398", Volvo,2021
87,"['S60', 'Hybrid', 'T8', 'Inscription']","35,169 mi.",Niello Volvo Cars Sacramento,4.5,18,"$46,440", Volvo,2019
88,"['XC60', 'Recharge', 'Plug-In', 'Hybrid', 'T8', 'Inscription']","8,084 mi.",Crippen Automotive,4.9,1143,"$62,903", Volvo,2022
89,"['XC60', 'T5', 'Momentum']","9,641 mi.",Niello Volvo Cars Sacramento,4.5,18,"$44,240", Volvo,2021
90,"['XC40', 'T4', 'Momentum']","24,146 mi.",Crest Volvo Cars,4.8,1606,"$38,884", Volvo,2021
91,"['V60', 'Cross', 'Country', 'T5']","36,326 mi.",Volvo Cars San Diego,4.4,130,"$38,792", Volvo,2020
92,"['XC40', 'T5', 'Inscription']","19,625 mi.",Crown Volvo Cars,4.9,1490,"$39,991", Volvo,2020
93,"['XC60', 'Recharge', 'Plug-In', 'Hybrid', 'T8', 'Inscription']","11,296 mi.",The Autobarn Volvo Cars of Oak Park,4.8,944,"$64,990", Volvo,2022
94,"['XC90', 'Recharge', 'Plug-In', 'Hybrid', 'T8', 'Inscription', 'Extended', 'Range', '6P']","1,684 mi.",Volvo Cars of Marietta,4.8,1119,"$78,989", Volvo,2022
95,"['S60', 'B5', 'R-Design']","4,511 mi.",Volvo Cars Gilbert,4.7,296,"$42,600", Volvo,2022
96,"['V90', 'T5', 'R-Design']","40,406 mi.",Secor Volvo,4.7,1057,"$39,995", Volvo,2019
97,"['S60', 'T5']","38,892 mi.",McLarty Volvo Cars of Little Rock,4.8,274,"$35,790", Volvo,2021
98,"['XC40', 'Recharge', 'Pure', 'Electric', 'P']","14,877 mi.",Ken Pollock Volvo Cars,4.9,644,"$55,490", Volvo,2021
99,"['V90', 'T5', 'R-Design']","33,386 mi.",Volvo Cars Mall of Georgia,4.9,2187,"$48,000", Volvo,2021
100,"['X5', 'xDrive40i']","19,584 mi.",BMW of Minnetonka,4.8,1616,"$66,380", BMW,2021
101,"['X5', 'xDrive50i']","29,871 mi.",Sharpe BMW,4.7,294,"$55,000", BMW,2018
102,"['M850', 'i', 'xDrive']","28,039 mi.",BMW of San Antonio,4.5,957,"$73,762", BMW,2019
103,"['440', 'Gran', 'Coupe', 'i']","37,664 mi.",BMW of Fairfield,4.6,7,"$35,987", BMW,2018
104,"['M850', 'Gran', 'Coupe', 'i', 'xDrive']","27,570 mi.",BMW of Palm Springs,4.8,599,"$77,988", BMW,2020
105,"['M760', 'i', 'xDrive']","3,458 mi.",BMW of Fort Wayne/MINI of Fort Wayne,4.9,387,"$153,887", BMW,2022
106,"['M8', 'Gran', 'Coupe', 'Gran', 'Coupe']","6,313 mi.",BMW of Fort Wayne/MINI of Fort Wayne,4.9,387,"$122,994", BMW,2021
107,"['X3', 'M', 'AWD']","4,457 mi.",BMW of Fairfield,4.6,7,"$70,487", BMW,2021
108,"['X3', 'M', 'AWD']","6,959 mi.",Moses of St. Albans,4.8,672,"$83,095", BMW,2022
109,"['M550', 'i', 'xDrive']","46,442 mi.",BMW of South Albany,4.7,163,"$50,485", BMW,2019
110,"['X3', 'PHEV', 'xDrive30e']","4,182 mi.",Knauz Auto Park,4.8,2002,"$54,995", BMW,2021
111,"['M340', 'i']","12,139 mi.",Coggin BMW Treasure Coast,4.8,487,"$57,200", BMW,2021
112,"['430', 'Gran', 'Coupe', 'i']","46,870 mi.",BMW of Little Rock,4.8,781,"$31,890", BMW,2019
113,"['740', 'i', 'xDrive']","28,331 mi.",BMW of Fort Wayne/MINI of Fort Wayne,4.9,387,"$53,149", BMW,2019
114,"['M760', 'i', 'xDrive']","37,383 mi.",BMW of Fort Wayne/MINI of Fort Wayne,4.9,387,"$73,768", BMW,2018
115,"['X5', 'xDrive40i']","21,206 mi.",Sandia BMW MINI,4.5,237,"$61,675", BMW,2021
116,"['X7', 'xDrive40i']","26,555 mi.",BMW of Toledo,4.7,942,"$66,999", BMW,2020
117,"['750', 'i', 'xDrive']","41,593 mi.",Bergstrom Luxury on Victory Lane,4.8,290,"$52,993", BMW,2019
118,"['M440', 'Gran', 'Coupe', 'i', 'xDrive']","6,992 mi.",BMW of San Antonio,4.5,957,"$66,962", BMW,2022
119,"['530', 'i', 'xDrive']","36,685 mi.",BMW of Fairfield,4.6,7,"$39,287", BMW,2020
120,"['840', 'i']","7,966 mi.",Global Imports BMW,4.6,834,"$81,494", BMW,2020
121,"['X4', 'xDrive30i']","16,443 mi.",Pacific BMW,4.6,3552,"$44,771", BMW,2019
122,"['X5', 'xDrive50i']","29,871 mi.",Sharpe BMW,4.7,294,"$55,000", BMW,2018
123,"['440', 'Gran', 'Coupe', 'i']","37,664 mi.",BMW of Fairfield,4.6,7,"$35,987", BMW,2018
124,"['M850', 'i', 'xDrive']","28,039 mi.",BMW of San Antonio,4.5,957,"$73,762", BMW,2019
125,"['X3', 'M', 'AWD']","4,457 mi.",BMW of Fairfield,4.6,7,"$70,487", BMW,2021
126,"['M8', 'Gran', 'Coupe', 'Gran', 'Coupe']","6,313 mi.",BMW of Fort Wayne/MINI of Fort Wayne,4.9,387,"$122,994", BMW,2021
127,"['M760', 'i', 'xDrive']","3,458 mi.",BMW of Fort Wayne/MINI of Fort Wayne,4.9,387,"$153,887", BMW,2022
128,"['M850', 'Gran', 'Coupe', 'i', 'xDrive']","27,570 mi.",BMW of Palm Springs,4.8,599,"$77,988", BMW,2020
129,"['X3', 'M', 'AWD']","6,959 mi.",Moses of St. Albans,4.8,672,"$83,095", BMW,2022
130,"['M550', 'i', 'xDrive']","46,442 mi.",BMW of South Albany,4.7,163,"$50,485", BMW,2019
131,"['M340', 'i']","12,139 mi.",Coggin BMW Treasure Coast,4.8,487,"$57,200", BMW,2021
132,"['X3', 'PHEV', 'xDrive30e']","4,182 mi.",Knauz Auto Park,4.8,2002,"$54,995", BMW,2021
133,"['X7', 'xDrive40i']","26,555 mi.",BMW of Toledo,4.7,942,"$66,999", BMW,2020
134,"['750', 'i', 'xDrive']","41,593 mi.",Bergstrom Luxury on Victory Lane,4.8,290,"$52,993", BMW,2019
135,"['X5', 'xDrive40i']","21,206 mi.",Sandia BMW MINI,4.5,237,"$61,675", BMW,2021
136,"['740', 'i', 'xDrive']","28,331 mi.",BMW of Fort Wayne/MINI of Fort Wayne,4.9,387,"$53,149", BMW,2019
137,"['M760', 'i', 'xDrive']","37,383 mi.",BMW of Fort Wayne/MINI of Fort Wayne,4.9,387,"$73,768", BMW,2018
138,"['430', 'Gran', 'Coupe', 'i']","46,870 mi.",BMW of Little Rock,4.8,781,"$31,890", BMW,2019
139,"['M440', 'Gran', 'Coupe', 'i', 'xDrive']","6,992 mi.",BMW of San Antonio,4.5,957,"$66,962", BMW,2022
140,"['530e', 'iPerformance']","27,669 mi.",BMW Certified Pre-Owned Nashville,4.5,663,"$40,288", BMW,2019
141,"['530', 'i', 'xDrive']","36,685 mi.",BMW of Fairfield,4.6,7,"$39,287", BMW,2020
142,"['X5', 'xDrive40i']","19,584 mi.",BMW of Minnetonka,4.8,1616,"$66,380", BMW,2021
143,"['X5', 'xDrive50i']","29,871 mi.",Sharpe BMW,4.7,294,"$55,000", BMW,2018
144,"['M850', 'Gran', 'Coupe', 'i', 'xDrive']","27,570 mi.",BMW of Palm Springs,4.8,599,"$77,988", BMW,2020
145,"['440', 'Gran', 'Coupe', 'i']","37,664 mi.",BMW of Fairfield,4.6,7,"$35,987", BMW,2018
146,"['M850', 'i', 'xDrive']","28,039 mi.",BMW of San Antonio,4.5,957,"$73,762", BMW,2019
147,"['M8', 'Gran', 'Coupe', 'Gran', 'Coupe']","6,313 mi.",BMW of Fort Wayne/MINI of Fort Wayne,4.9,387,"$122,994", BMW,2021
148,"['X3', 'M', 'AWD']","4,457 mi.",BMW of Fairfield,4.6,7,"$70,487", BMW,2021
149,"['M760', 'i', 'xDrive']","3,458 mi.",BMW of Fort Wayne/MINI of Fort Wayne,4.9,387,"$153,887", BMW,2022
150,"['X3', 'M', 'AWD']","6,959 mi.",Moses of St. Albans,4.8,672,"$83,095", BMW,2022
151,"['M550', 'i', 'xDrive']","46,442 mi.",BMW of South Albany,4.7,163,"$50,485", BMW,2019
152,"['X3', 'PHEV', 'xDrive30e']","4,182 mi.",Knauz Auto Park,4.8,2002,"$54,995", BMW,2021
153,"['M340', 'i']","12,139 mi.",Coggin BMW Treasure Coast,4.8,487,"$57,200", BMW,2021
154,"['X7', 'xDrive40i']","26,555 mi.",BMW of Toledo,4.7,942,"$66,999", BMW,2020
155,"['740', 'i', 'xDrive']","28,331 mi.",BMW of Fort Wayne/MINI of Fort Wayne,4.9,387,"$53,149", BMW,2019
156,"['M760', 'i', 'xDrive']","37,383 mi.",BMW of Fort Wayne/MINI of Fort Wayne,4.9,387,"$73,768", BMW,2018
157,"['750', 'i', 'xDrive']","41,593 mi.",Bergstrom Luxury on Victory Lane,4.8,290,"$52,993", BMW,2019
158,"['X5', 'xDrive40i']","21,206 mi.",Sandia BMW MINI,4.5,237,"$61,675", BMW,2021
159,"['M440', 'Gran', 'Coupe', 'i', 'xDrive']","6,992 mi.",BMW of San Antonio,4.5,957,"$66,962", BMW,2022
160,"['430', 'Gran', 'Coupe', 'i']","46,870 mi.",BMW of Little Rock,4.8,781,"$31,890", BMW,2019
161,"['530e', 'iPerformance']","27,669 mi.",BMW Certified Pre-Owned Nashville,4.5,663,"$40,288", BMW,2019
162,"['430', 'i']","20,877 mi.",i.g. Burton Imports,4.7,27,"$45,999", BMW,2019
163,"['640', 'Gran', 'Turismo', 'i', 'xDrive']","42,626 mi.",Century West BMW,4.2,447,"$43,885", BMW,2019
164,"['X5', 'xDrive50i']","29,871 mi.",Sharpe BMW,4.7,294,"$55,000", BMW,2018
165,"['440', 'Gran', 'Coupe', 'i']","37,664 mi.",BMW of Fairfield,4.6,7,"$35,987", BMW,2018
166,"['M850', 'i', 'xDrive']","28,039 mi.",BMW of San Antonio,4.5,957,"$73,762", BMW,2019
167,"['X3', 'M', 'AWD']","4,457 mi.",BMW of Fairfield,4.6,7,"$70,487", BMW,2021
168,"['M8', 'Gran', 'Coupe', 'Gran', 'Coupe']","6,313 mi.",BMW of Fort Wayne/MINI of Fort Wayne,4.9,387,"$122,994", BMW,2021
169,"['M760', 'i', 'xDrive']","3,458 mi.",BMW of Fort Wayne/MINI of Fort Wayne,4.9,387,"$153,887", BMW,2022
170,"['M850', 'Gran', 'Coupe', 'i', 'xDrive']","27,570 mi.",BMW of Palm Springs,4.8,599,"$77,988", BMW,2020
171,"['X3', 'M', 'AWD']","6,959 mi.",Moses of St. Albans,4.8,672,"$83,095", BMW,2022
172,"['M550', 'i', 'xDrive']","46,442 mi.",BMW of South Albany,4.7,163,"$50,485", BMW,2019
173,"['M340', 'i']","12,139 mi.",Coggin BMW Treasure Coast,4.8,487,"$57,200", BMW,2021
174,"['X3', 'PHEV', 'xDrive30e']","4,182 mi.",Knauz Auto Park,4.8,2002,"$54,995", BMW,2021
175,"['X7', 'xDrive40i']","26,555 mi.",BMW of Toledo,4.7,942,"$66,999", BMW,2020
176,"['750', 'i', 'xDrive']","41,593 mi.",Bergstrom Luxury on Victory Lane,4.8,290,"$52,993", BMW,2019
177,"['X5', 'xDrive40i']","21,206 mi.",Sandia BMW MINI,4.5,237,"$61,675", BMW,2021
178,"['740', 'i', 'xDrive']","28,331 mi.",BMW of Fort Wayne/MINI of Fort Wayne,4.9,387,"$53,149", BMW,2019
179,"['M760', 'i', 'xDrive']","37,383 mi.",BMW of Fort Wayne/MINI of Fort Wayne,4.9,387,"$73,768", BMW,2018
180,"['430', 'Gran', 'Coupe', 'i']","46,870 mi.",BMW of Little Rock,4.8,781,"$31,890", BMW,2019
181,"['M440', 'Gran', 'Coupe', 'i', 'xDrive']","6,992 mi.",BMW of San Antonio,4.5,957,"$66,962", BMW,2022
182,"['530e', 'iPerformance']","27,669 mi.",BMW Certified Pre-Owned Nashville,4.5,663,"$40,288", BMW,2019
183,"['530', 'i', 'xDrive']","36,685 mi.",BMW of Fairfield,4.6,7,"$39,287", BMW,2020
184,"['X5', 'xDrive40i']","19,584 mi.",BMW of Minnetonka,4.8,1616,"$66,380", BMW,2021
185,"['X5', 'xDrive50i']","29,871 mi.",Sharpe BMW,4.7,294,"$55,000", BMW,2018
186,"['M850', 'Gran', 'Coupe', 'i', 'xDrive']","27,570 mi.",BMW of Palm Springs,4.8,599,"$77,988", BMW,2020
187,"['440', 'Gran', 'Coupe', 'i']","37,664 mi.",BMW of Fairfield,4.6,7,"$35,987", BMW,2018
188,"['M850', 'i', 'xDrive']","28,039 mi.",BMW of San Antonio,4.5,957,"$73,762", BMW,2019
189,"['M8', 'Gran', 'Coupe', 'Gran', 'Coupe']","6,313 mi.",BMW of Fort Wayne/MINI of Fort Wayne,4.9,387,"$122,994", BMW,2021
190,"['X3', 'M', 'AWD']","4,457 mi.",BMW of Fairfield,4.6,7,"$70,487", BMW,2021
191,"['M760', 'i', 'xDrive']","3,458 mi.",BMW of Fort Wayne/MINI of Fort Wayne,4.9,387,"$153,887", BMW,2022
192,"['X3', 'M', 'AWD']","6,959 mi.",Moses of St. Albans,4.8,672,"$83,095", BMW,2022
193,"['M550', 'i', 'xDrive']","46,442 mi.",BMW of South Albany,4.7,163,"$50,485", BMW,2019
194,"['X3', 'PHEV', 'xDrive30e']","4,182 mi.",Knauz Auto Park,4.8,2002,"$54,995", BMW,2021
195,"['M340', 'i']","12,139 mi.",Coggin BMW Treasure Coast,4.8,487,"$57,200", BMW,2021
196,"['X7', 'xDrive40i']","26,555 mi.",BMW of Toledo,4.7,942,"$66,999", BMW,2020
197,"['740', 'i', 'xDrive']","28,331 mi.",BMW of Fort Wayne/MINI of Fort Wayne,4.9,387,"$53,149", BMW,2019
198,"['M760', 'i', 'xDrive']","37,383 mi.",BMW of Fort Wayne/MINI of Fort Wayne,4.9,387,"$73,768", BMW,2018
199,"['750', 'i', 'xDrive']","41,593 mi.",Bergstrom Luxury on Victory Lane,4.8,290,"$52,993", BMW,2019
200,"['X5', 'xDrive40i']","21,206 mi.",Sandia BMW MINI,4.5,237,"$61,675", BMW,2021
201,"['M440', 'Gran', 'Coupe', 'i', 'xDrive']","6,992 mi.",BMW of San Antonio,4.5,957,"$66,962", BMW,2022
202,"['430', 'Gran', 'Coupe', 'i']","46,870 mi.",BMW of Little Rock,4.8,781,"$31,890", BMW,2019
203,"['530e', 'iPerformance']","27,669 mi.",BMW Certified Pre-Owned Nashville,4.5,663,"$40,288", BMW,2019
204,"['430', 'i']","20,877 mi.",i.g. Burton Imports,4.7,27,"$45,999", BMW,2019
205,"['MDX', 'A-Spec']","25,082 mi.",Acura of Alhambra,3.2,50,"$57,299", Acura,2022
206,"['ILX', 'Base']","5,433 mi.",Acura of Orange Park,4.2,333,"$28,412", Acura,2021
207,"['MDX', 'Sport', 'Hybrid', '3.0L', 'w/Technology', 'Package']","30,890 mi.",Santa Barbara Auto Group,4.1,37,"$44,995", Acura,2020
208,"['MDX', 'Type', 'S', 'w/Advance', 'Package']","9,318 mi.",Ed Martin Acura,4.7,445,"$71,777", Acura,2022
209,"['ILX', 'Premium', '&', 'A-SPEC', 'Packages']","4,042 mi.",Jackson Acura,4.8,5365,"$33,985", Acura,2022
210,"['ILX', 'Premium', '&', 'A-SPEC', 'Packages']","5,387 mi.",Acura of Reno,4.6,186,"$34,777", Acura,2022
211,"['ILX', 'Premium', 'Package']","7,279 mi.",Acura of Avon,4.8,807,"$28,500", Acura,2022
212,"['ILX', 'Premium', '&', 'A-SPEC', 'Packages']","30,015 mi.",Ron Tonkin Acura,4.7,139,"$30,995", Acura,2020
213,"['ILX', 'Premium', '&', 'A-SPEC', 'Packages']","2,910 mi.",Don Ayres Acura,4.9,19,"$32,055", Acura,2022
214,"['TLX', 'A-Spec']","24,676 mi.",Bob Lindsay Acura,4.9,359,"$34,761", Acura,2020
215,['ILX'],"10,500 mi.",Frank Leta Acura of Springfield,4.8,483,"$32,500", Acura,2021
216,"['ILX', '2.4L']","53,363 mi.",Jay Wolfe Acura,4.8,2395,"$22,600", Acura,2016
217,"['TLX', 'A-Spec']","11,174 mi.",Lindsay Acura,4.2,283,"$46,365", Acura,2022
218,"['MDX', 'A-Spec']","10,790 mi.",Davis Acura,4.7,2816,"$58,188", Acura,2022
219,"['RDX', 'A-Spec']","22,812 mi.",Harper Acura,4.9,944,"$44,232", Acura,2021
220,"['MDX', 'Sport', 'Hybrid', '3.0L', 'w/Advance', 'Package']","53,007 mi.",Advantage Acura of Naperville,4.7,437,"$48,899", Acura,2020
221,"['ILX', 'Premium', 'Package']","5,749 mi.",Grubbs Acura,4.3,87,"$30,500", Acura,2021
222,"['RDX', 'Advance', 'Package']","18,349 mi.",Harper Acura,4.9,944,"$44,996", Acura,2021
223,"['RDX', 'A-Spec']","9,839 mi.",Speedcraft Acura,4.6,36,"$46,994", Acura,2021
224,"['ILX', 'Premium', 'Package']","42,523 mi.",Duval Acura,4.9,2443,"$26,900", Acura,2019
225,"['MDX', '3.5L', 'w/Technology', 'Package']","22,890 mi.",CardinaleWay Acura Las Vegas,4.7,293,"$42,497", Acura,2020
226,"['MDX', '3.5L']","25,059 mi.",Acura of Alhambra,3.2,50,"$37,288", Acura,2020
227,"['ILX', 'Base']","5,433 mi.",Acura of Orange Park,4.2,333,"$28,412", Acura,2021
228,"['MDX', 'Sport', 'Hybrid', '3.0L', 'w/Technology', 'Package']","30,890 mi.",Santa Barbara Auto Group,4.1,37,"$44,995", Acura,2020
229,"['MDX', 'Type', 'S', 'w/Advance', 'Package']","9,318 mi.",Ed Martin Acura,4.7,445,"$71,777", Acura,2022
230,"['ILX', 'Premium', '&', 'A-SPEC', 'Packages']","4,042 mi.",Jackson Acura,4.8,5365,"$33,985", Acura,2022
231,"['ILX', 'Premium', '&', 'A-SPEC', 'Packages']","5,387 mi.",Acura of Reno,4.6,186,"$34,777", Acura,2022
232,"['ILX', 'Premium', 'Package']","7,279 mi.",Acura of Avon,4.8,807,"$28,500", Acura,2022
233,"['ILX', 'Premium', '&', 'A-SPEC', 'Packages']","30,015 mi.",Ron Tonkin Acura,4.7,139,"$30,995", Acura,2020
234,"['ILX', 'Premium', '&', 'A-SPEC', 'Packages']","2,910 mi.",Don Ayres Acura,4.9,19,"$32,055", Acura,2022
235,['ILX'],"10,500 mi.",Frank Leta Acura of Springfield,4.8,483,"$32,500", Acura,2021
236,"['TLX', 'A-Spec']","24,676 mi.",Bob Lindsay Acura,4.9,359,"$34,761", Acura,2020
237,"['ILX', '2.4L']","53,363 mi.",Jay Wolfe Acura,4.8,2395,"$22,600", Acura,2016
238,"['TLX', 'A-Spec']","11,174 mi.",Lindsay Acura,4.2,283,"$46,365", Acura,2022
239,"['MDX', 'A-Spec']","10,790 mi.",Davis Acura,4.7,2816,"$58,188", Acura,2022
240,"['RDX', 'A-Spec']","22,812 mi.",Harper Acura,4.9,944,"$44,232", Acura,2021
241,"['MDX', 'Sport', 'Hybrid', '3.0L', 'w/Advance', 'Package']","53,007 mi.",Advantage Acura of Naperville,4.7,437,"$48,899", Acura,2020
242,"['ILX', 'Premium', 'Package']","5,749 mi.",Grubbs Acura,4.3,87,"$30,500", Acura,2021
243,"['RDX', 'Advance', 'Package']","18,349 mi.",Harper Acura,4.9,944,"$44,996", Acura,2021
244,"['RDX', 'A-Spec']","9,839 mi.",Speedcraft Acura,4.6,36,"$46,994", Acura,2021
245,"['ILX', 'Premium', 'Package']","42,523 mi.",Duval Acura,4.9,2443,"$26,900", Acura,2019
246,"['MDX', '3.5L', 'w/Technology', 'Package']","22,890 mi.",CardinaleWay Acura Las Vegas,4.7,293,"$42,497", Acura,2020
247,"['ILX', 'Premium', 'Package']","31,185 mi.",Acura of Alhambra,3.2,50,"$27,348", Acura,2019
248,"['ILX', 'Base']","5,433 mi.",Acura of Orange Park,4.2,333,"$28,412", Acura,2021
249,"['MDX', 'Sport', 'Hybrid', '3.0L', 'w/Technology', 'Package']","30,890 mi.",Santa Barbara Auto Group,4.1,37,"$44,995", Acura,2020
250,"['MDX', 'Type', 'S', 'w/Advance', 'Package']","9,318 mi.",Ed Martin Acura,4.7,445,"$71,777", Acura,2022
251,"['ILX', 'Premium', '&', 'A-SPEC', 'Packages']","4,042 mi.",Jackson Acura,4.8,5365,"$33,985", Acura,2022
252,"['ILX', 'Premium', '&', 'A-SPEC', 'Packages']","5,387 mi.",Acura of Reno,4.6,186,"$34,777", Acura,2022
253,"['ILX', 'Premium', 'Package']","7,279 mi.",Acura of Avon,4.8,807,"$28,500", Acura,2022
254,"['ILX', 'Premium', '&', 'A-SPEC', 'Packages']","30,015 mi.",Ron Tonkin Acura,4.7,139,"$30,995", Acura,2020
255,"['ILX', 'Premium', '&', 'A-SPEC', 'Packages']","2,910 mi.",Don Ayres Acura,4.9,19,"$32,055", Acura,2022
256,"['ILX', '2.4L']","53,363 mi.",Jay Wolfe Acura,4.8,2395,"$22,600", Acura,2016
257,"['TLX', 'A-Spec']","24,676 mi.",Bob Lindsay Acura,4.9,359,"$34,761", Acura,2020
258,['ILX'],"10,500 mi.",Frank Leta Acura of Springfield,4.8,483,"$32,500", Acura,2021
259,"['TLX', 'A-Spec']","11,174 mi.",Lindsay Acura,4.2,283,"$46,365", Acura,2022
260,"['MDX', 'A-Spec']","10,790 mi.",Davis Acura,4.7,2816,"$58,188", Acura,2022
261,"['RDX', 'A-Spec']","22,812 mi.",Harper Acura,4.9,944,"$44,232", Acura,2021
262,"['MDX', 'Sport', 'Hybrid', '3.0L', 'w/Advance', 'Package']","53,007 mi.",Advantage Acura of Naperville,4.7,437,"$48,899", Acura,2020
263,"['ILX', 'Premium', 'Package']","5,749 mi.",Grubbs Acura,4.3,87,"$30,500", Acura,2021
264,"['RDX', 'Advance', 'Package']","18,349 mi.",Harper Acura,4.9,944,"$44,996", Acura,2021
265,"['RDX', 'A-Spec']","9,839 mi.",Speedcraft Acura,4.6,36,"$46,994", Acura,2021
266,"['ILX', 'Premium', 'Package']","42,523 mi.",Duval Acura,4.9,2443,"$26,900", Acura,2019
267,"['MDX', '3.5L', 'w/Technology', 'Package']","22,890 mi.",CardinaleWay Acura Las Vegas,4.7,293,"$42,497", Acura,2020
268,"['ILX', 'Premium', 'Package']","31,185 mi.",Acura of Alhambra,3.2,50,"$27,348", Acura,2019
269,"['ILX', 'Base']","5,433 mi.",Acura of Orange Park,4.2,333,"$28,412", Acura,2021
270,"['MDX', 'Sport', 'Hybrid', '3.0L', 'w/Technology', 'Package']","30,890 mi.",Santa Barbara Auto Group,4.1,37,"$44,995", Acura,2020
271,"['MDX', 'Type', 'S', 'w/Advance', 'Package']","9,318 mi.",Ed Martin Acura,4.7,445,"$71,777", Acura,2022
272,"['ILX', 'Premium', '&', 'A-SPEC', 'Packages']","4,042 mi.",Jackson Acura,4.8,5365,"$33,985", Acura,2022
273,"['ILX', 'Premium', '&', 'A-SPEC', 'Packages']","5,387 mi.",Acura of Reno,4.6,186,"$34,777", Acura,2022
274,"['ILX', 'Premium', 'Package']","7,279 mi.",Acura of Avon,4.8,807,"$28,500", Acura,2022
275,"['ILX', 'Premium', '&', 'A-SPEC', 'Packages']","30,015 mi.",Ron Tonkin Acura,4.7,139,"$30,995", Acura,2020
276,"['ILX', 'Premium', '&', 'A-SPEC', 'Packages']","2,910 mi.",Don Ayres Acura,4.9,19,"$32,055", Acura,2022
277,"['TLX', 'A-Spec']","24,676 mi.",Bob Lindsay Acura,4.9,359,"$34,761", Acura,2020
278,['ILX'],"10,500 mi.",Frank Leta Acura of Springfield,4.8,483,"$32,500", Acura,2021
279,"['ILX', '2.4L']","53,363 mi.",Jay Wolfe Acura,4.8,2395,"$22,600", Acura,2016
280,"['TLX', 'A-Spec']","11,174 mi.",Lindsay Acura,4.2,283,"$46,365", Acura,2022
281,"['MDX', 'A-Spec']","10,790 mi.",Davis Acura,4.7,2816,"$58,188", Acura,2022
282,"['RDX', 'A-Spec']","22,812 mi.",Harper Acura,4.9,944,"$44,232", Acura,2021
283,"['MDX', 'Sport', 'Hybrid', '3.0L', 'w/Advance', 'Package']","53,007 mi.",Advantage Acura of Naperville,4.7,437,"$48,899", Acura,2020
284,"['ILX', 'Premium', 'Package']","5,749 mi.",Grubbs Acura,4.3,87,"$30,500", Acura,2021
285,"['RDX', 'Advance', 'Package']","18,349 mi.",Harper Acura,4.9,944,"$44,996", Acura,2021
286,"['RDX', 'A-Spec']","9,839 mi.",Speedcraft Acura,4.6,36,"$46,994", Acura,2021
287,"['ILX', 'Premium', 'Package']","42,523 mi.",Duval Acura,4.9,2443,"$26,900", Acura,2019
288,"['MDX', '3.5L', 'w/Technology', 'Package']","22,890 mi.",CardinaleWay Acura Las Vegas,4.7,293,"$42,497", Acura,2020
289,"['MDX', 'A-Spec']","25,082 mi.",Acura of Alhambra,3.2,50,"$57,299", Acura,2022
290,"['ILX', 'Base']","5,433 mi.",Acura of Orange Park,4.2,333,"$28,412", Acura,2021
291,"['MDX', 'Sport', 'Hybrid', '3.0L', 'w/Technology', 'Package']","30,890 mi.",Santa Barbara Auto Group,4.1,37,"$44,995", Acura,2020
292,"['MDX', 'Type', 'S', 'w/Advance', 'Package']","9,318 mi.",Ed Martin Acura,4.7,445,"$71,777", Acura,2022
293,"['ILX', 'Premium', '&', 'A-SPEC', 'Packages']","4,042 mi.",Jackson Acura,4.8,5365,"$33,985", Acura,2022
294,"['ILX', 'Premium', '&', 'A-SPEC', 'Packages']","5,387 mi.",Acura of Reno,4.6,186,"$34,777", Acura,2022
295,"['ILX', 'Premium', 'Package']","7,279 mi.",Acura of Avon,4.8,807,"$28,500", Acura,2022
296,"['ILX', 'Premium', '&', 'A-SPEC', 'Packages']","30,015 mi.",Ron Tonkin Acura,4.7,139,"$30,995", Acura,2020
297,"['ILX', 'Premium', '&', 'A-SPEC', 'Packages']","2,910 mi.",Don Ayres Acura,4.9,19,"$32,055", Acura,2022
298,"['TLX', 'A-Spec']","24,676 mi.",Bob Lindsay Acura,4.9,359,"$34,761", Acura,2020
299,['ILX'],"10,500 mi.",Frank Leta Acura of Springfield,4.8,483,"$32,500", Acura,2021
300,"['ILX', '2.4L']","53,363 mi.",Jay Wolfe Acura,4.8,2395,"$22,600", Acura,2016
301,"['TLX', 'A-Spec']","11,174 mi.",Lindsay Acura,4.2,283,"$46,365", Acura,2022
302,"['MDX', 'A-Spec']","10,790 mi.",Davis Acura,4.7,2816,"$58,188", Acura,2022
303,"['RDX', 'A-Spec']","22,812 mi.",Harper Acura,4.9,944,"$44,232", Acura,2021
304,"['MDX', 'Sport', 'Hybrid', '3.0L', 'w/Advance', 'Package']","53,007 mi.",Advantage Acura of Naperville,4.7,437,"$48,899", Acura,2020
305,"['ILX', 'Premium', 'Package']","5,749 mi.",Grubbs Acura,4.3,87,"$30,500", Acura,2021
306,"['RDX', 'Advance', 'Package']","18,349 mi.",Harper Acura,4.9,944,"$44,996", Acura,2021
307,"['RDX', 'A-Spec']","9,839 mi.",Speedcraft Acura,4.6,36,"$46,994", Acura,2021
308,"['ILX', 'Premium', 'Package']","42,523 mi.",Duval Acura,4.9,2443,"$26,900", Acura,2019
309,"['MDX', '3.5L', 'w/Technology', 'Package']","22,890 mi.",CardinaleWay Acura Las Vegas,4.7,293,"$42,497", Acura,2020
310,"['Grand', 'Cherokee', 'Limited']","10,937 mi.",Marino Chrysler Jeep Dodge RAM,4.9,4049,"$50,794", Jeep,2022
311,"['Wagoneer', 'Series', 'III']","5,660 mi.",Grogan's Towne Chrysler Jeep Dodge RAM,4.7,487,"$74,784", Jeep,2022
312,"['Renegade', 'Trailhawk']","29,390 mi.",Kearny Mesa Chrysler Dodge Jeep RAM,4.4,542,"$27,715", Jeep,2020
313,"['Grand', 'Wagoneer', 'Series', 'II']","8,247 mi.",Platinum Chrysler Dodge Ram Jeep,4.5,544,"$98,991", Jeep,2022
314,"['Wagoneer', 'Series', 'III']","5,653 mi.",Best Chrysler Dodge Jeep Ram,4.9,880,"$77,488", Jeep,2022
315,"['Wrangler', 'Unlimited', 'Sport']","21,967 mi.",Driver's Village,3.2,157,"$39,900", Jeep,2021
316,"['Wrangler', 'Unlimited', '4xe', 'Sahara']","14,063 mi.",Lithia Chrysler Jeep of Reno,4.8,1239,"$56,980", Jeep,2021
317,"['Wagoneer', 'Series', 'II']","7,489 mi.",Russ Darrow Chrysler Dodge Jeep RAM Madison (High Crossing),4.8,818,"$64,993", Jeep,2022
318,"['Renegade', 'Latitude']","22,609 mi.",I-10 Chrysler Dodge Jeep RAM,4.6,632,"$25,484", Jeep,2021
319,"['Grand', 'Cherokee', 'Limited']","3,228 mi.",Lithia Chrysler Jeep Dodge RAM of Klamath Falls,4.8,782,"$46,937", Jeep,2022
320,"['Grand', 'Wagoneer', 'Series', 'II']","2,252 mi.",Victory Chrysler Dodge Jeep RAM,4.0,50,"$95,000", Jeep,2022
321,"['Renegade', 'Latitude']","7,296 mi.",Lithia Chrysler Jeep Dodge of Great Falls,4.6,592,"$25,265", Jeep,2019
322,"['Gladiator', 'Sport']","8,374 mi.",Ken Ganley Chrysler Dodge Jeep Ram Fiat Painesville,4.8,1406,"$49,000", Jeep,2022
323,"['Grand', 'Cherokee', 'L', 'Overland']","16,420 mi.",Woodhouse Chrysler Jeep Dodge RAM Sioux City,3.9,33,"$59,880", Jeep,2022
324,"['Wrangler', 'Unlimited', 'Rubicon']","15,023 mi.",Twin Rivers Chrysler Jeep Dodge RAM,5.0,3,"$58,995", Jeep,2021
325,"['Gladiator', 'Rubicon']","4,469 mi.",Chilson-Wilcox,3.8,23,"$53,995", Jeep,2022
326,"['Grand', 'Cherokee', 'Laredo', 'E']","26,727 mi.",David Stanley Chrysler Jeep Dodge RAM,4.5,2745,"$26,450", Jeep,2021
327,"['Wagoneer', 'Series', 'II']","10,554 mi.",Roberson Motors,4.9,1151,"$70,998", Jeep,2022
328,"['Wagoneer', 'Series', 'I']","3,715 mi.",Franklin Chrysler Dodge Jeep Ram,4.2,557,"$67,901", Jeep,2022
329,"['Wagoneer', 'Series', 'III']","1,519 mi.",Collierville Chrysler Dodge Jeep Ram,4.1,300,"$75,900", Jeep,2022
330,"['Grand', 'Cherokee', '80th', 'Anniversary']","3,989 mi.",Cullman Chrysler Dodge Jeep RAM,4.6,126,"$40,987", Jeep,2021
331,"['Grand', 'Cherokee', 'L', 'Overland']","2,000 mi.",Marino Chrysler Jeep Dodge RAM,4.9,4049,"$62,994", Jeep,2022
332,"['Wagoneer', 'Series', 'III']","5,660 mi.",Grogan's Towne Chrysler Jeep Dodge RAM,4.7,487,"$74,784", Jeep,2022
333,"['Renegade', 'Trailhawk']","29,390 mi.",Kearny Mesa Chrysler Dodge Jeep RAM,4.4,542,"$27,715", Jeep,2020
334,"['Grand', 'Wagoneer', 'Series', 'II']","8,247 mi.",Platinum Chrysler Dodge Ram Jeep,4.5,544,"$98,991", Jeep,2022
335,"['Wagoneer', 'Series', 'III']","5,653 mi.",Best Chrysler Dodge Jeep Ram,4.9,880,"$77,488", Jeep,2022
336,"['Wrangler', 'Unlimited', '4xe', 'Sahara']","14,063 mi.",Lithia Chrysler Jeep of Reno,4.8,1239,"$56,980", Jeep,2021
337,"['Wrangler', 'Unlimited', 'Sport']","21,967 mi.",Driver's Village,3.2,157,"$39,900", Jeep,2021
338,"['Wagoneer', 'Series', 'II']","7,489 mi.",Russ Darrow Chrysler Dodge Jeep RAM Madison (High Crossing),4.8,818,"$64,993", Jeep,2022
339,"['Renegade', 'Latitude']","22,609 mi.",I-10 Chrysler Dodge Jeep RAM,4.6,632,"$25,484", Jeep,2021
340,"['Grand', 'Cherokee', 'Limited']","3,228 mi.",Lithia Chrysler Jeep Dodge RAM of Klamath Falls,4.8,782,"$46,937", Jeep,2022
341,"['Grand', 'Wagoneer', 'Series', 'II']","2,252 mi.",Victory Chrysler Dodge Jeep RAM,4.0,50,"$95,000", Jeep,2022
342,"['Renegade', 'Latitude']","7,296 mi.",Lithia Chrysler Jeep Dodge of Great Falls,4.6,592,"$25,265", Jeep,2019
343,"['Gladiator', 'Sport']","8,374 mi.",Ken Ganley Chrysler Dodge Jeep Ram Fiat Painesville,4.8,1406,"$49,000", Jeep,2022
344,"['Grand', 'Cherokee', 'L', 'Overland']","16,420 mi.",Woodhouse Chrysler Jeep Dodge RAM Sioux City,3.9,33,"$59,880", Jeep,2022
345,"['Wrangler', 'Unlimited', 'Rubicon']","15,023 mi.",Twin Rivers Chrysler Jeep Dodge RAM,5.0,3,"$58,995", Jeep,2021
346,"['Gladiator', 'Rubicon']","4,469 mi.",Chilson-Wilcox,3.8,23,"$53,995", Jeep,2022
347,"['Grand', 'Cherokee', 'Laredo', 'E']","26,727 mi.",David Stanley Chrysler Jeep Dodge RAM,4.5,2745,"$26,450", Jeep,2021
348,"['Wagoneer', 'Series', 'II']","10,554 mi.",Roberson Motors,4.9,1151,"$70,998", Jeep,2022
349,"['Wagoneer', 'Series', 'I']","3,715 mi.",Franklin Chrysler Dodge Jeep Ram,4.2,557,"$67,901", Jeep,2022
350,"['Wagoneer', 'Series', 'III']","1,519 mi.",Collierville Chrysler Dodge Jeep Ram,4.1,300,"$75,900", Jeep,2022
351,"['Grand', 'Cherokee', '80th', 'Anniversary']","3,989 mi.",Cullman Chrysler Dodge Jeep RAM,4.6,126,"$40,987", Jeep,2021
352,"['Grand', 'Cherokee', 'Limited']","10,937 mi.",Marino Chrysler Jeep Dodge RAM,4.9,4049,"$50,794", Jeep,2022
353,"['Wagoneer', 'Series', 'III']","5,660 mi.",Grogan's Towne Chrysler Jeep Dodge RAM,4.7,487,"$74,784", Jeep,2022
354,"['Renegade', 'Trailhawk']","29,390 mi.",Kearny Mesa Chrysler Dodge Jeep RAM,4.4,542,"$27,715", Jeep,2020
355,"['Grand', 'Wagoneer', 'Series', 'II']","8,247 mi.",Platinum Chrysler Dodge Ram Jeep,4.5,544,"$98,991", Jeep,2022
356,"['Wagoneer', 'Series', 'III']","5,653 mi.",Best Chrysler Dodge Jeep Ram,4.9,880,"$77,488", Jeep,2022
357,"['Wrangler', 'Unlimited', 'Sport']","21,967 mi.",Driver's Village,3.2,157,"$39,900", Jeep,2021
358,"['Wrangler', 'Unlimited', '4xe', 'Sahara']","14,063 mi.",Lithia Chrysler Jeep of Reno,4.8,1239,"$56,980", Jeep,2021
359,"['Wagoneer', 'Series', 'II']","7,489 mi.",Russ Darrow Chrysler Dodge Jeep RAM Madison (High Crossing),4.8,818,"$64,993", Jeep,2022
360,"['Renegade', 'Latitude']","22,609 mi.",I-10 Chrysler Dodge Jeep RAM,4.6,632,"$25,484", Jeep,2021
361,"['Grand', 'Cherokee', 'Limited']","3,228 mi.",Lithia Chrysler Jeep Dodge RAM of Klamath Falls,4.8,782,"$46,937", Jeep,2022
362,"['Grand', 'Wagoneer', 'Series', 'II']","2,252 mi.",Victory Chrysler Dodge Jeep RAM,4.0,50,"$95,000", Jeep,2022
363,"['Renegade', 'Latitude']","7,296 mi.",Lithia Chrysler Jeep Dodge of Great Falls,4.6,592,"$25,265", Jeep,2019
364,"['Gladiator', 'Sport']","8,374 mi.",Ken Ganley Chrysler Dodge Jeep Ram Fiat Painesville,4.8,1406,"$49,000", Jeep,2022
365,"['Grand', 'Cherokee', 'L', 'Overland']","16,420 mi.",Woodhouse Chrysler Jeep Dodge RAM Sioux City,3.9,33,"$59,880", Jeep,2022
366,"['Wrangler', 'Unlimited', 'Rubicon']","15,023 mi.",Twin Rivers Chrysler Jeep Dodge RAM,5.0,3,"$58,995", Jeep,2021
367,"['Gladiator', 'Rubicon']","4,469 mi.",Chilson-Wilcox,3.8,23,"$53,995", Jeep,2022
368,"['Grand', 'Cherokee', 'Laredo', 'E']","26,727 mi.",David Stanley Chrysler Jeep Dodge RAM,4.5,2745,"$26,450", Jeep,2021
369,"['Wagoneer', 'Series', 'II']","10,554 mi.",Roberson Motors,4.9,1151,"$70,998", Jeep,2022
370,"['Wagoneer', 'Series', 'I']","3,715 mi.",Franklin Chrysler Dodge Jeep Ram,4.2,557,"$67,901", Jeep,2022
371,"['Wagoneer', 'Series', 'III']","1,519 mi.",Collierville Chrysler Dodge Jeep Ram,4.1,300,"$75,900", Jeep,2022
372,"['Grand', 'Cherokee', '80th', 'Anniversary']","3,989 mi.",Cullman Chrysler Dodge Jeep RAM,4.6,126,"$40,987", Jeep,2021
373,"['Grand', 'Cherokee', 'L', 'Overland']","3,738 mi.",Marino Chrysler Jeep Dodge RAM,4.9,4049,"$61,994", Jeep,2022
374,"['Grand', 'Wagoneer', 'Series', 'II']","8,247 mi.",Platinum Chrysler Dodge Ram Jeep,4.5,544,"$98,991", Jeep,2022
375,"['Wagoneer', 'Series', 'III']","5,660 mi.",Grogan's Towne Chrysler Jeep Dodge RAM,4.7,487,"$74,784", Jeep,2022
376,"['Renegade', 'Trailhawk']","29,390 mi.",Kearny Mesa Chrysler Dodge Jeep RAM,4.4,542,"$27,715", Jeep,2020
377,"['Wagoneer', 'Series', 'III']","5,653 mi.",Best Chrysler Dodge Jeep Ram,4.9,880,"$77,488", Jeep,2022
378,"['Wrangler', 'Unlimited', '4xe', 'Sahara']","14,063 mi.",Lithia Chrysler Jeep of Reno,4.8,1239,"$56,980", Jeep,2021
379,"['Wrangler', 'Unlimited', 'Sport']","21,967 mi.",Driver's Village,3.2,157,"$39,900", Jeep,2021
380,"['Wagoneer', 'Series', 'II']","7,489 mi.",Russ Darrow Chrysler Dodge Jeep RAM Madison (High Crossing),4.8,818,"$64,993", Jeep,2022
381,"['Renegade', 'Latitude']","22,609 mi.",I-10 Chrysler Dodge Jeep RAM,4.6,632,"$25,484", Jeep,2021
382,"['Grand', 'Cherokee', 'Limited']","3,228 mi.",Lithia Chrysler Jeep Dodge RAM of Klamath Falls,4.8,782,"$46,937", Jeep,2022
383,"['Grand', 'Wagoneer', 'Series', 'II']","2,252 mi.",Victory Chrysler Dodge Jeep RAM,4.0,50,"$95,000", Jeep,2022
384,"['Renegade', 'Latitude']","7,296 mi.",Lithia Chrysler Jeep Dodge of Great Falls,4.6,592,"$25,265", Jeep,2019
385,"['Gladiator', 'Sport']","8,374 mi.",Ken Ganley Chrysler Dodge Jeep Ram Fiat Painesville,4.8,1406,"$49,000", Jeep,2022
386,"['Grand', 'Cherokee', 'L', 'Overland']","16,420 mi.",Woodhouse Chrysler Jeep Dodge RAM Sioux City,3.9,33,"$59,880", Jeep,2022
387,"['Wrangler', 'Unlimited', 'Rubicon']","15,023 mi.",Twin Rivers Chrysler Jeep Dodge RAM,5.0,3,"$58,995", Jeep,2021
388,"['Gladiator', 'Rubicon']","4,469 mi.",Chilson-Wilcox,3.8,23,"$53,995", Jeep,2022
389,"['Grand', 'Cherokee', 'Laredo', 'E']","26,727 mi.",David Stanley Chrysler Jeep Dodge RAM,4.5,2745,"$26,450", Jeep,2021
390,"['Wagoneer', 'Series', 'II']","10,554 mi.",Roberson Motors,4.9,1151,"$70,998", Jeep,2022
391,"['Wagoneer', 'Series', 'I']","3,715 mi.",Franklin Chrysler Dodge Jeep Ram,4.2,557,"$67,901", Jeep,2022
392,"['Wagoneer', 'Series', 'III']","1,519 mi.",Collierville Chrysler Dodge Jeep Ram,4.1,300,"$75,900", Jeep,2022
393,"['Grand', 'Cherokee', '80th', 'Anniversary']","3,989 mi.",Cullman Chrysler Dodge Jeep RAM,4.6,126,"$40,987", Jeep,2021
394,"['Grand', 'Cherokee', 'Limited']","10,937 mi.",Marino Chrysler Jeep Dodge RAM,4.9,4049,"$50,794", Jeep,2022
395,"['Grand', 'Wagoneer', 'Series', 'II']","8,247 mi.",Platinum Chrysler Dodge Ram Jeep,4.5,544,"$98,991", Jeep,2022
396,"['Renegade', 'Trailhawk']","29,390 mi.",Kearny Mesa Chrysler Dodge Jeep RAM,4.4,542,"$27,715", Jeep,2020
397,"['Wagoneer', 'Series', 'III']","5,660 mi.",Grogan's Towne Chrysler Jeep Dodge RAM,4.7,487,"$74,784", Jeep,2022
398,"['Wagoneer', 'Series', 'III']","5,653 mi.",Best Chrysler Dodge Jeep Ram,4.9,880,"$77,488", Jeep,2022
399,"['Wrangler', 'Unlimited', '4xe', 'Sahara']","14,063 mi.",Lithia Chrysler Jeep of Reno,4.8,1239,"$56,980", Jeep,2021
400,"['Wrangler', 'Unlimited', 'Sport']","21,967 mi.",Driver's Village,3.2,157,"$39,900", Jeep,2021
401,"['Wagoneer', 'Series', 'II']","7,489 mi.",Russ Darrow Chrysler Dodge Jeep RAM Madison (High Crossing),4.8,818,"$64,993", Jeep,2022
402,"['Renegade', 'Latitude']","22,609 mi.",I-10 Chrysler Dodge Jeep RAM,4.6,632,"$25,484", Jeep,2021
403,"['Grand', 'Cherokee', 'Limited']","3,228 mi.",Lithia Chrysler Jeep Dodge RAM of Klamath Falls,4.8,782,"$46,937", Jeep,2022
404,"['Grand', 'Wagoneer', 'Series', 'II']","2,252 mi.",Victory Chrysler Dodge Jeep RAM,4.0,50,"$95,000", Jeep,2022
405,"['Renegade', 'Latitude']","7,296 mi.",Lithia Chrysler Jeep Dodge of Great Falls,4.6,592,"$25,265", Jeep,2019
406,"['Gladiator', 'Sport']","8,374 mi.",Ken Ganley Chrysler Dodge Jeep Ram Fiat Painesville,4.8,1406,"$49,000", Jeep,2022
407,"['Grand', 'Cherokee', 'L', 'Overland']","16,420 mi.",Woodhouse Chrysler Jeep Dodge RAM Sioux City,3.9,33,"$59,880", Jeep,2022
408,"['Wrangler', 'Unlimited', 'Rubicon']","15,023 mi.",Twin Rivers Chrysler Jeep Dodge RAM,5.0,3,"$58,995", Jeep,2021
409,"['Gladiator', 'Rubicon']","4,469 mi.",Chilson-Wilcox,3.8,23,"$53,995", Jeep,2022
410,"['Grand', 'Cherokee', 'Laredo', 'E']","26,727 mi.",David Stanley Chrysler Jeep Dodge RAM,4.5,2745,"$26,450", Jeep,2021
411,"['Wagoneer', 'Series', 'II']","10,554 mi.",Roberson Motors,4.9,1151,"$70,998", Jeep,2022
412,"['Wagoneer', 'Series', 'I']","3,715 mi.",Franklin Chrysler Dodge Jeep Ram,4.2,557,"$67,901", Jeep,2022
413,"['Wagoneer', 'Series', 'III']","1,519 mi.",Collierville Chrysler Dodge Jeep Ram,4.1,300,"$75,900", Jeep,2022
414,"['Grand', 'Cherokee', '80th', 'Anniversary']","3,989 mi.",Cullman Chrysler Dodge Jeep RAM,4.6,126,"$40,987", Jeep,2021
415,"['AMG', 'GLB', '35', 'Base']","6,876 mi.",Sears Imported Autos,4.9,2007,"$54,899", Mercedes,2021
416,"['GLS', '450', 'Base', '4MATIC']","27,015 mi.",Mercedes-Benz of Fresno,4.8,501,"$63,977", Mercedes,2020
417,"['GLE', '350', 'Base', '4MATIC']","41,120 mi.",Bergstrom Luxury on Victory Lane,4.8,290,"$34,563", Mercedes,2018
418,"['GLC', '350e', 'Base', '4MATIC']","29,759 mi.",Mercedes-Benz of Ft. Pierce,4.7,236,"$33,995", Mercedes,2019
419,"['Mercedes-Benz', 'CLS-Class', 'CLS', '55']","34,049 mi.",Mercedes-Benz of Austin,4.8,1283,"$29,999", Mercedes,2014
420,"['GLS', '450', 'Base', '4MATIC']","42,850 mi.",Bergstrom Luxury on Victory Lane,4.8,290,"$44,379", Mercedes,2018
421,"['AMG', 'S', '63', 'Base', '4MATIC']","23,177 mi.",Mercedes-Benz of Fayetteville,4.8,1162,"$91,000", Mercedes,2017
422,"['GLS', '450', '4MATIC']","4,256 mi.",Mercedes-Benz Of Tacoma,4.4,3078,"$89,989", Mercedes,2022
423,"['AMG', 'E', '43', 'Base', '4MATIC']","21,870 mi.",Mercedes-Benz of Stevens Creek,4.7,1786,"$52,395", Mercedes,2018
424,"['E-Class', 'E', '350', '4MATIC']","16,488 mi.",Volkswagen of Quad Cities,4.6,169,"$53,989", Mercedes,2021
425,"['AMG', 'GT', 'Base']","3,461 mi.",Mercedes-Benz of Augusta,4.7,244,"$118,991", Mercedes,2020
426,"['G-Class', 'G', '550', '4MATIC']","35,488 mi.",CAG - Mercedes-Benz of San Juan,4.8,403,"$155,633", Mercedes,2019
427,"['GLE', '350', 'Base', '4MATIC']","26,969 mi.",Mercedes-Benz of Rochester,4.6,130,"$54,376", Mercedes,2020
428,"['A-Class', 'A', '220', '4MATIC']","13,083 mi.",Mercedes-Benz of Centerville,4.7,35,"$36,599", Mercedes,2021
429,"['AMG', 'E', '53', 'Base', '4MATIC']","28,369 mi.",Isringhausen Imports,4.9,813,"$64,900", Mercedes,2019
430,"['Maybach', 'S', '580', '4MATIC']","4,286 mi.",Mercedes-Benz of Houston North,4.5,1455,"$224,922", Mercedes,2021
431,"['GLE', '350', 'Base', '4MATIC']","33,912 mi.",Husker Auto Group,3.6,21,"$47,998", Mercedes,2020
432,"['CLA', '250', 'Base']","18,110 mi.",Mercedes-Benz of Carlsbad,4.8,418,"$39,995", Mercedes,2021
433,"['CLS', '550', 'Base', '4MATIC']","45,856 mi.",Baker Motor Company of Charleston,3.9,204,"$46,988", Mercedes,2017
434,"['GLS', '450', 'Base', '4MATIC']","20,310 mi.",Mercedes-Benz of Milwaukee North,4.7,307,"$71,852", Mercedes,2020
435,"['AMG', 'CLS', '53', 'Base', '4MATIC']","33,895 mi.",Mercedes-Benz of Boerne,4.8,435,"$81,491", Mercedes,2020
436,"['GLA', '250', 'Base', '4MATIC']","3,335 mi.",Sears Imported Autos,4.9,2007,"$33,971", Mercedes,2018
437,"['GLS', '450', 'Base', '4MATIC']","27,015 mi.",Mercedes-Benz of Fresno,4.8,501,"$63,977", Mercedes,2020
438,"['GLE', '350', 'Base', '4MATIC']","41,120 mi.",Bergstrom Luxury on Victory Lane,4.8,290,"$34,563", Mercedes,2018
439,"['GLC', '350e', 'Base', '4MATIC']","29,759 mi.",Mercedes-Benz of Ft. Pierce,4.7,236,"$33,995", Mercedes,2019
440,"['Mercedes-Benz', 'CLS-Class', 'CLS', '55']","34,049 mi.",Mercedes-Benz of Austin,4.8,1283,"$29,999", Mercedes,2014
441,"['GLS', '450', 'Base', '4MATIC']","42,850 mi.",Bergstrom Luxury on Victory Lane,4.8,290,"$44,379", Mercedes,2018
442,"['AMG', 'S', '63', 'Base', '4MATIC']","23,177 mi.",Mercedes-Benz of Fayetteville,4.8,1162,"$91,000", Mercedes,2017
443,"['GLS', '450', '4MATIC']","4,256 mi.",Mercedes-Benz Of Tacoma,4.4,3078,"$89,989", Mercedes,2022
444,"['AMG', 'E', '43', 'Base', '4MATIC']","21,870 mi.",Mercedes-Benz of Stevens Creek,4.7,1786,"$52,395", Mercedes,2018
445,"['GLE', '350', 'Base', '4MATIC']","26,969 mi.",Mercedes-Benz of Rochester,4.6,130,"$54,376", Mercedes,2020
446,"['G-Class', 'G', '550', '4MATIC']","35,488 mi.",CAG - Mercedes-Benz of San Juan,4.8,403,"$155,633", Mercedes,2019
447,"['AMG', 'GT', 'Base']","3,461 mi.",Mercedes-Benz of Augusta,4.7,244,"$118,991", Mercedes,2020
448,"['E-Class', 'E', '350', '4MATIC']","16,488 mi.",Volkswagen of Quad Cities,4.6,169,"$53,989", Mercedes,2021
449,"['A-Class', 'A', '220', '4MATIC']","13,083 mi.",Mercedes-Benz of Centerville,4.7,35,"$36,599", Mercedes,2021
450,"['AMG', 'E', '53', 'Base', '4MATIC']","28,369 mi.",Isringhausen Imports,4.9,813,"$64,900", Mercedes,2019
451,"['Maybach', 'S', '580', '4MATIC']","4,286 mi.",Mercedes-Benz of Houston North,4.5,1455,"$224,922", Mercedes,2021
452,"['GLE', '350', 'Base', '4MATIC']","33,912 mi.",Husker Auto Group,3.6,21,"$47,998", Mercedes,2020
453,"['CLA', '250', 'Base']","18,110 mi.",Mercedes-Benz of Carlsbad,4.8,418,"$39,995", Mercedes,2021
454,"['CLS', '550', 'Base', '4MATIC']","45,856 mi.",Baker Motor Company of Charleston,3.9,204,"$46,988", Mercedes,2017
455,"['GLS', '450', 'Base', '4MATIC']","20,310 mi.",Mercedes-Benz of Milwaukee North,4.7,307,"$71,852", Mercedes,2020
456,"['AMG', 'CLS', '53', 'Base', '4MATIC']","33,895 mi.",Mercedes-Benz of Boerne,4.8,435,"$81,491", Mercedes,2020
457,"['S-Class', 'S', '580', '4MATIC']","5,520 mi.",Walter's Mercedes-Benz of Riverside,4.9,6303,"$109,998", Mercedes,2021
458,"['GLS', '450', 'Base', '4MATIC']","27,015 mi.",Mercedes-Benz of Fresno,4.8,501,"$63,977", Mercedes,2020
459,"['GLE', '350', 'Base', '4MATIC']","41,120 mi.",Bergstrom Luxury on Victory Lane,4.8,290,"$34,563", Mercedes,2018
460,"['GLC', '350e', 'Base', '4MATIC']","29,759 mi.",Mercedes-Benz of Ft. Pierce,4.7,236,"$33,995", Mercedes,2019
461,"['Mercedes-Benz', 'CLS-Class', 'CLS', '55']","34,049 mi.",Mercedes-Benz of Austin,4.8,1283,"$29,999", Mercedes,2014
462,"['GLS', '450', 'Base', '4MATIC']","42,850 mi.",Bergstrom Luxury on Victory Lane,4.8,290,"$44,379", Mercedes,2018
463,"['AMG', 'S', '63', 'Base', '4MATIC']","23,177 mi.",Mercedes-Benz of Fayetteville,4.8,1162,"$91,000", Mercedes,2017
464,"['G-Class', 'G', '550', '4MATIC']","35,488 mi.",CAG - Mercedes-Benz of San Juan,4.8,403,"$155,633", Mercedes,2019
465,"['GLS', '450', '4MATIC']","4,256 mi.",Mercedes-Benz Of Tacoma,4.4,3078,"$89,989", Mercedes,2022
466,"['AMG', 'E', '43', 'Base', '4MATIC']","21,870 mi.",Mercedes-Benz of Stevens Creek,4.7,1786,"$52,395", Mercedes,2018
467,"['GLE', '350', 'Base', '4MATIC']","26,969 mi.",Mercedes-Benz of Rochester,4.6,130,"$54,376", Mercedes,2020
468,"['AMG', 'GT', 'Base']","3,461 mi.",Mercedes-Benz of Augusta,4.7,244,"$118,991", Mercedes,2020
469,"['E-Class', 'E', '350', '4MATIC']","16,488 mi.",Volkswagen of Quad Cities,4.6,169,"$53,989", Mercedes,2021
470,"['A-Class', 'A', '220', '4MATIC']","13,083 mi.",Mercedes-Benz of Centerville,4.7,35,"$36,599", Mercedes,2021
471,"['AMG', 'E', '53', 'Base', '4MATIC']","28,369 mi.",Isringhausen Imports,4.9,813,"$64,900", Mercedes,2019
472,"['Maybach', 'S', '580', '4MATIC']","4,286 mi.",Mercedes-Benz of Houston North,4.5,1455,"$224,922", Mercedes,2021
473,"['GLE', '350', 'Base', '4MATIC']","33,912 mi.",Husker Auto Group,3.6,21,"$47,998", Mercedes,2020
474,"['CLA', '250', 'Base']","18,110 mi.",Mercedes-Benz of Carlsbad,4.8,418,"$39,995", Mercedes,2021
475,"['CLS', '550', 'Base', '4MATIC']","45,856 mi.",Baker Motor Company of Charleston,3.9,204,"$46,988", Mercedes,2017
476,"['GLS', '450', 'Base', '4MATIC']","20,310 mi.",Mercedes-Benz of Milwaukee North,4.7,307,"$71,852", Mercedes,2020
477,"['AMG', 'CLS', '53', 'Base', '4MATIC']","33,895 mi.",Mercedes-Benz of Boerne,4.8,435,"$81,491", Mercedes,2020
478,"['GLA', '250', 'Base', '4MATIC']","3,335 mi.",Sears Imported Autos,4.9,2007,"$33,971", Mercedes,2018
479,"['GLS', '450', 'Base', '4MATIC']","27,015 mi.",Mercedes-Benz of Fresno,4.8,501,"$63,977", Mercedes,2020
480,"['GLE', '350', 'Base', '4MATIC']","41,120 mi.",Bergstrom Luxury on Victory Lane,4.8,290,"$34,563", Mercedes,2018
481,"['GLC', '350e', 'Base', '4MATIC']","29,759 mi.",Mercedes-Benz of Ft. Pierce,4.7,236,"$33,995", Mercedes,2019
482,"['Mercedes-Benz', 'CLS-Class', 'CLS', '55']","34,049 mi.",Mercedes-Benz of Austin,4.8,1283,"$29,999", Mercedes,2014
483,"['GLS', '450', 'Base', '4MATIC']","42,850 mi.",Bergstrom Luxury on Victory Lane,4.8,290,"$44,379", Mercedes,2018
484,"['AMG', 'S', '63', 'Base', '4MATIC']","23,177 mi.",Mercedes-Benz of Fayetteville,4.8,1162,"$91,000", Mercedes,2017
485,"['GLS', '450', '4MATIC']","4,256 mi.",Mercedes-Benz Of Tacoma,4.4,3078,"$89,989", Mercedes,2022
486,"['AMG', 'E', '43', 'Base', '4MATIC']","21,870 mi.",Mercedes-Benz of Stevens Creek,4.7,1786,"$52,395", Mercedes,2018
487,"['GLE', '350', 'Base', '4MATIC']","26,969 mi.",Mercedes-Benz of Rochester,4.6,130,"$54,376", Mercedes,2020
488,"['G-Class', 'G', '550', '4MATIC']","35,488 mi.",CAG - Mercedes-Benz of San Juan,4.8,403,"$155,633", Mercedes,2019
489,"['AMG', 'GT', 'Base']","3,461 mi.",Mercedes-Benz of Augusta,4.7,244,"$118,991", Mercedes,2020
490,"['E-Class', 'E', '350', '4MATIC']","16,488 mi.",Volkswagen of Quad Cities,4.6,169,"$53,989", Mercedes,2021
491,"['A-Class', 'A', '220', '4MATIC']","13,083 mi.",Mercedes-Benz of Centerville,4.7,35,"$36,599", Mercedes,2021
492,"['AMG', 'E', '53', 'Base', '4MATIC']","28,369 mi.",Isringhausen Imports,4.9,813,"$64,900", Mercedes,2019
493,"['Maybach', 'S', '580', '4MATIC']","4,286 mi.",Mercedes-Benz of Houston North,4.5,1455,"$224,922", Mercedes,2021
494,"['GLE', '350', 'Base', '4MATIC']","33,912 mi.",Husker Auto Group,3.6,21,"$47,998", Mercedes,2020
495,"['CLA', '250', 'Base']","18,110 mi.",Mercedes-Benz of Carlsbad,4.8,418,"$39,995", Mercedes,2021
496,"['CLS', '550', 'Base', '4MATIC']","45,856 mi.",Baker Motor Company of Charleston,3.9,204,"$46,988", Mercedes,2017
497,"['GLS', '450', 'Base', '4MATIC']","20,310 mi.",Mercedes-Benz of Milwaukee North,4.7,307,"$71,852", Mercedes,2020
498,"['AMG', 'CLS', '53', 'Base', '4MATIC']","33,895 mi.",Mercedes-Benz of Boerne,4.8,435,"$81,491", Mercedes,2020
499,"['GLA', '250', 'Base', '4MATIC']","3,335 mi.",Sears Imported Autos,4.9,2007,"$33,971", Mercedes,2018
500,"['GLS', '450', 'Base', '4MATIC']","27,015 mi.",Mercedes-Benz of Fresno,4.8,501,"$63,977", Mercedes,2020
501,"['GLE', '350', 'Base', '4MATIC']","41,120 mi.",Bergstrom Luxury on Victory Lane,4.8,290,"$34,563", Mercedes,2018
502,"['GLC', '350e', 'Base', '4MATIC']","29,759 mi.",Mercedes-Benz of Ft. Pierce,4.7,236,"$33,995", Mercedes,2019
503,"['Mercedes-Benz', 'CLS-Class', 'CLS', '55']","34,049 mi.",Mercedes-Benz of Austin,4.8,1283,"$29,999", Mercedes,2014
504,"['GLS', '450', 'Base', '4MATIC']","42,850 mi.",Bergstrom Luxury on Victory Lane,4.8,290,"$44,379", Mercedes,2018
505,"['AMG', 'S', '63', 'Base', '4MATIC']","23,177 mi.",Mercedes-Benz of Fayetteville,4.8,1162,"$91,000", Mercedes,2017
506,"['G-Class', 'G', '550', '4MATIC']","35,488 mi.",CAG - Mercedes-Benz of San Juan,4.8,403,"$155,633", Mercedes,2019
507,"['GLS', '450', '4MATIC']","4,256 mi.",Mercedes-Benz Of Tacoma,4.4,3078,"$89,989", Mercedes,2022
508,"['AMG', 'E', '43', 'Base', '4MATIC']","21,870 mi.",Mercedes-Benz of Stevens Creek,4.7,1786,"$52,395", Mercedes,2018
509,"['GLE', '350', 'Base', '4MATIC']","26,969 mi.",Mercedes-Benz of Rochester,4.6,130,"$54,376", Mercedes,2020
510,"['AMG', 'GT', 'Base']","3,461 mi.",Mercedes-Benz of Augusta,4.7,244,"$118,991", Mercedes,2020
511,"['E-Class', 'E', '350', '4MATIC']","16,488 mi.",Volkswagen of Quad Cities,4.6,169,"$53,989", Mercedes,2021
512,"['A-Class', 'A', '220', '4MATIC']","13,083 mi.",Mercedes-Benz of Centerville,4.7,35,"$36,599", Mercedes,2021
513,"['AMG', 'E', '53', 'Base', '4MATIC']","28,369 mi.",Isringhausen Imports,4.9,813,"$64,900", Mercedes,2019
514,"['Maybach', 'S', '580', '4MATIC']","4,286 mi.",Mercedes-Benz of Houston North,4.5,1455,"$224,922", Mercedes,2021
515,"['GLE', '350', 'Base', '4MATIC']","33,912 mi.",Husker Auto Group,3.6,21,"$47,998", Mercedes,2020
516,"['CLA', '250', 'Base']","18,110 mi.",Mercedes-Benz of Carlsbad,4.8,418,"$39,995", Mercedes,2021
517,"['CLS', '550', 'Base', '4MATIC']","45,856 mi.",Baker Motor Company of Charleston,3.9,204,"$46,988", Mercedes,2017
518,"['GLS', '450', 'Base', '4MATIC']","20,310 mi.",Mercedes-Benz of Milwaukee North,4.7,307,"$71,852", Mercedes,2020
519,"['AMG', 'CLS', '53', 'Base', '4MATIC']","33,895 mi.",Mercedes-Benz of Boerne,4.8,435,"$81,491", Mercedes,2020
520,"['Suburban', 'Premier']","45,000 mi.",North Branch Chevrolet,4.9,507,"$69,000", Chevrolet,2021
521,"['Traverse', 'LT', 'Cloth']","20,436 mi.",AutoNation Chevrolet South Corpus Christi,4.7,515,"$35,819", Chevrolet,2020
522,"['Blazer', '2LT']","18,025 mi.",O'Rielly Chevrolet,4.5,545,"$35,990", Chevrolet,2021
523,"['Impala', '1LT']","39,047 mi.",Uebelhor & Sons Chevrolet Cadillac,4.4,50,"$25,965", Chevrolet,2019
524,"['Impala', 'Premier', '2LZ']","42,239 mi.",Mangino Chevrolet,4.9,313,"$24,889", Chevrolet,2017
525,"['Corvette', 'Stingray', 'Z5']","7,550 mi.",Sherwood Chevrolet Buick GMC,4.7,25,"$58,980", Chevrolet,2017
526,"['Corvette', 'Stingray']","3,974 mi.",Parker Chevrolet,4.7,28,"$61,980", Chevrolet,2017
527,"['Malibu', '1LT']","42,441 mi.",Pure Country Chevrolet,,0,"$19,989", Chevrolet,2017
528,"['Bolt', 'EUV', 'LT']","1,031 mi.",AutoNation Chevrolet South Corpus Christi,4.7,515,"$35,904", Chevrolet,2022
529,"['Equinox', '1LT']","9,992 mi.",Casey Chevrolet,4.7,1044,"$25,100", Chevrolet,2021
530,"['Silverado', '1500', 'Limited', 'RST']","13,070 mi.",Southern Chevrolet,4.2,20,"$46,900", Chevrolet,2022
531,"['Blazer', 'Premier']","16,199 mi.",Jeff Drennen GM Super Store,4.8,189,"$41,330", Chevrolet,2019
532,"['Traverse', 'RS']","34,020 mi.",Miles Chevrolet,4.9,460,"$41,370", Chevrolet,2020
533,"['Tahoe', 'LT']","68,117 mi.",Halladay Buick GMC,4.8,700,"$44,995", Chevrolet,2020
534,"['Blazer', 'RS']","14,463 mi.",Weelborg Chevrolet,4.6,25,"$46,995", Chevrolet,2021
535,"['Bolt', 'EUV', 'LT']",369 mi.,Donohoo Chevrolet,4.6,167,"$29,995", Chevrolet,2022
536,"['Traverse', 'LS']","22,686 mi.",Pure Country Chevrolet,,0,"$37,989", Chevrolet,2022
537,"['Chevrolet', 'Tahoe', 'Z']","2,802 mi.",Classic Chevrolet Inc,4.4,389,"$77,620", Chevrolet,2023
538,"['Silverado', '2500', 'LT']","16,176 mi.",Mangino Chevrolet,4.9,313,"$59,469", Chevrolet,2020
539,"['Suburban', 'Premier']","62,614 mi.",DePaula Chevrolet,4.7,6848,"$55,000", Chevrolet,2019
540,"['Silverado', '2500', 'LTZ']","40,467 mi.",Fitzgerald Buick GMC Rockville,4.5,114,"$56,927", Chevrolet,2017
541,"['Suburban', 'Premier']","45,000 mi.",North Branch Chevrolet,4.9,507,"$69,000", Chevrolet,2021
542,"['Traverse', 'LT', 'Cloth']","20,436 mi.",AutoNation Chevrolet South Corpus Christi,4.7,515,"$35,819", Chevrolet,2020
543,"['Blazer', '2LT']","18,025 mi.",O'Rielly Chevrolet,4.5,545,"$35,990", Chevrolet,2021
544,"['Impala', '1LT']","39,047 mi.",Uebelhor & Sons Chevrolet Cadillac,4.4,50,"$25,965", Chevrolet,2019
545,"['Impala', 'Premier', '2LZ']","42,239 mi.",Mangino Chevrolet,4.9,313,"$24,889", Chevrolet,2017
546,"['Corvette', 'Stingray', 'Z5']","7,550 mi.",Sherwood Chevrolet Buick GMC,4.7,25,"$58,980", Chevrolet,2017
547,"['Corvette', 'Stingray']","3,974 mi.",Parker Chevrolet,4.7,28,"$61,980", Chevrolet,2017
548,"['Malibu', '1LT']","42,441 mi.",Pure Country Chevrolet,,0,"$19,989", Chevrolet,2017
549,"['Bolt', 'EUV', 'LT']","1,031 mi.",AutoNation Chevrolet South Corpus Christi,4.7,515,"$35,904", Chevrolet,2022
550,"['Equinox', '1LT']","9,992 mi.",Casey Chevrolet,4.7,1044,"$25,100", Chevrolet,2021
551,"['Silverado', '1500', 'Limited', 'RST']","13,070 mi.",Southern Chevrolet,4.2,20,"$46,900", Chevrolet,2022
552,"['Blazer', 'Premier']","16,199 mi.",Jeff Drennen GM Super Store,4.8,189,"$41,330", Chevrolet,2019
553,"['Traverse', 'RS']","34,020 mi.",Miles Chevrolet,4.9,460,"$41,370", Chevrolet,2020
554,"['Tahoe', 'LT']","68,117 mi.",Halladay Buick GMC,4.8,700,"$44,995", Chevrolet,2020
555,"['Blazer', 'RS']","14,463 mi.",Weelborg Chevrolet,4.6,25,"$46,995", Chevrolet,2021
556,"['Bolt', 'EUV', 'LT']",369 mi.,Donohoo Chevrolet,4.6,167,"$29,995", Chevrolet,2022
557,"['Traverse', 'LS']","22,686 mi.",Pure Country Chevrolet,,0,"$37,989", Chevrolet,2022
558,"['Chevrolet', 'Tahoe', 'Z']","2,802 mi.",Classic Chevrolet Inc,4.4,389,"$77,620", Chevrolet,2023
559,"['Silverado', '2500', 'LT']","16,176 mi.",Mangino Chevrolet,4.9,313,"$59,469", Chevrolet,2020
560,"['Suburban', 'Premier']","62,614 mi.",DePaula Chevrolet,4.7,6848,"$55,000", Chevrolet,2019
561,"['Silverado', '2500', 'LTZ']","40,467 mi.",Fitzgerald Buick GMC Rockville,4.5,114,"$56,927", Chevrolet,2017
562,"['Suburban', 'Premier']","45,000 mi.",North Branch Chevrolet,4.9,507,"$69,000", Chevrolet,2021
563,"['Traverse', 'LT', 'Cloth']","20,436 mi.",AutoNation Chevrolet South Corpus Christi,4.7,515,"$35,819", Chevrolet,2020
564,"['Blazer', '2LT']","18,025 mi.",O'Rielly Chevrolet,4.5,545,"$35,990", Chevrolet,2021
565,"['Impala', '1LT']","39,047 mi.",Uebelhor & Sons Chevrolet Cadillac,4.4,50,"$25,965", Chevrolet,2019
566,"['Impala', 'Premier', '2LZ']","42,239 mi.",Mangino Chevrolet,4.9,313,"$24,889", Chevrolet,2017
567,"['Corvette', 'Stingray', 'Z5']","7,550 mi.",Sherwood Chevrolet Buick GMC,4.7,25,"$58,980", Chevrolet,2017
568,"['Corvette', 'Stingray']","3,974 mi.",Parker Chevrolet,4.7,28,"$61,980", Chevrolet,2017
569,"['Malibu', '1LT']","42,441 mi.",Pure Country Chevrolet,,0,"$19,989", Chevrolet,2017
570,"['Bolt', 'EUV', 'LT']","1,031 mi.",AutoNation Chevrolet South Corpus Christi,4.7,515,"$35,904", Chevrolet,2022
571,"['Silverado', '1500', 'Limited', 'RST']","13,070 mi.",Southern Chevrolet,4.2,20,"$46,900", Chevrolet,2022
572,"['Equinox', '1LT']","9,992 mi.",Casey Chevrolet,4.7,1044,"$25,100", Chevrolet,2021
573,"['Blazer', 'Premier']","16,199 mi.",Jeff Drennen GM Super Store,4.8,189,"$41,330", Chevrolet,2019
574,"['Traverse', 'RS']","34,020 mi.",Miles Chevrolet,4.9,460,"$41,370", Chevrolet,2020
575,"['Tahoe', 'LT']","68,117 mi.",Halladay Buick GMC,4.8,700,"$44,995", Chevrolet,2020
576,"['Traverse', 'LS']","22,686 mi.",Pure Country Chevrolet,,0,"$37,989", Chevrolet,2022
577,"['Bolt', 'EUV', 'LT']",369 mi.,Donohoo Chevrolet,4.6,167,"$29,995", Chevrolet,2022
578,"['Blazer', 'RS']","14,463 mi.",Weelborg Chevrolet,4.6,25,"$46,995", Chevrolet,2021
579,"['Chevrolet', 'Tahoe', 'Z']","2,802 mi.",Classic Chevrolet Inc,4.4,389,"$77,620", Chevrolet,2023
580,"['Silverado', '2500', 'LT']","16,176 mi.",Mangino Chevrolet,4.9,313,"$59,469", Chevrolet,2020
581,"['Suburban', 'Premier']","62,614 mi.",DePaula Chevrolet,4.7,6848,"$55,000", Chevrolet,2019
582,"['Silverado', '2500', 'LTZ']","40,467 mi.",Fitzgerald Buick GMC Rockville,4.5,114,"$56,927", Chevrolet,2017
583,"['Suburban', 'Premier']","45,000 mi.",North Branch Chevrolet,4.9,507,"$69,000", Chevrolet,2021
584,"['Traverse', 'LT', 'Cloth']","20,436 mi.",AutoNation Chevrolet South Corpus Christi,4.7,515,"$35,819", Chevrolet,2020
585,"['Blazer', '2LT']","18,025 mi.",O'Rielly Chevrolet,4.5,545,"$35,990", Chevrolet,2021
586,"['Impala', '1LT']","39,047 mi.",Uebelhor & Sons Chevrolet Cadillac,4.4,50,"$25,965", Chevrolet,2019
587,"['Impala', 'Premier', '2LZ']","42,239 mi.",Mangino Chevrolet,4.9,313,"$24,889", Chevrolet,2017
588,"['Corvette', 'Stingray', 'Z5']","7,550 mi.",Sherwood Chevrolet Buick GMC,4.7,25,"$58,980", Chevrolet,2017
589,"['Corvette', 'Stingray']","3,974 mi.",Parker Chevrolet,4.7,28,"$61,980", Chevrolet,2017
590,"['Malibu', '1LT']","42,441 mi.",Pure Country Chevrolet,,0,"$19,989", Chevrolet,2017
591,"['Bolt', 'EUV', 'LT']","1,031 mi.",AutoNation Chevrolet South Corpus Christi,4.7,515,"$35,904", Chevrolet,2022
592,"['Equinox', '1LT']","9,992 mi.",Casey Chevrolet,4.7,1044,"$25,100", Chevrolet,2021
593,"['Silverado', '1500', 'Limited', 'RST']","13,070 mi.",Southern Chevrolet,4.2,20,"$46,900", Chevrolet,2022
594,"['Blazer', 'Premier']","16,199 mi.",Jeff Drennen GM Super Store,4.8,189,"$41,330", Chevrolet,2019
595,"['Traverse', 'RS']","34,020 mi.",Miles Chevrolet,4.9,460,"$41,370", Chevrolet,2020
596,"['Tahoe', 'LT']","68,117 mi.",Halladay Buick GMC,4.8,700,"$44,995", Chevrolet,2020
597,"['Blazer', 'RS']","14,463 mi.",Weelborg Chevrolet,4.6,25,"$46,995", Chevrolet,2021
598,"['Bolt', 'EUV', 'LT']",369 mi.,Donohoo Chevrolet,4.6,167,"$29,995", Chevrolet,2022
599,"['Traverse', 'LS']","22,686 mi.",Pure Country Chevrolet,,0,"$37,989", Chevrolet,2022
600,"['Chevrolet', 'Tahoe', 'Z']","2,802 mi.",Classic Chevrolet Inc,4.4,389,"$77,620", Chevrolet,2023
601,"['Silverado', '2500', 'LT']","16,176 mi.",Mangino Chevrolet,4.9,313,"$59,469", Chevrolet,2020
602,"['Suburban', 'Premier']","62,614 mi.",DePaula Chevrolet,4.7,6848,"$55,000", Chevrolet,2019
603,"['Silverado', '2500', 'LTZ']","40,467 mi.",Fitzgerald Buick GMC Rockville,4.5,114,"$56,927", Chevrolet,2017
604,"['Suburban', 'Premier']","45,000 mi.",North Branch Chevrolet,4.9,507,"$69,000", Chevrolet,2021
605,"['Traverse', 'LT', 'Cloth']","20,436 mi.",AutoNation Chevrolet South Corpus Christi,4.7,515,"$35,819", Chevrolet,2020
606,"['Blazer', '2LT']","18,025 mi.",O'Rielly Chevrolet,4.5,545,"$35,990", Chevrolet,2021
607,"['Impala', 'Premier', '2LZ']","42,239 mi.",Mangino Chevrolet,4.9,313,"$24,889", Chevrolet,2017
608,"['Impala', '1LT']","39,047 mi.",Uebelhor & Sons Chevrolet Cadillac,4.4,50,"$25,965", Chevrolet,2019
609,"['Corvette', 'Stingray', 'Z5']","7,550 mi.",Sherwood Chevrolet Buick GMC,4.7,25,"$58,980", Chevrolet,2017
610,"['Corvette', 'Stingray']","3,974 mi.",Parker Chevrolet,4.7,28,"$61,980", Chevrolet,2017
611,"['Bolt', 'EUV', 'LT']","1,031 mi.",AutoNation Chevrolet South Corpus Christi,4.7,515,"$35,904", Chevrolet,2022
612,"['Malibu', '1LT']","42,441 mi.",Pure Country Chevrolet,,0,"$19,989", Chevrolet,2017
613,"['Silverado', '1500', 'Limited', 'RST']","13,070 mi.",Southern Chevrolet,4.2,20,"$46,900", Chevrolet,2022
614,"['Equinox', '1LT']","9,992 mi.",Casey Chevrolet,4.7,1044,"$25,100", Chevrolet,2021
615,"['Blazer', 'Premier']","16,199 mi.",Jeff Drennen GM Super Store,4.8,189,"$41,330", Chevrolet,2019
616,"['Traverse', 'RS']","34,020 mi.",Miles Chevrolet,4.9,460,"$41,370", Chevrolet,2020
617,"['Tahoe', 'LT']","68,117 mi.",Halladay Buick GMC,4.8,700,"$44,995", Chevrolet,2020
618,"['Blazer', 'RS']","14,463 mi.",Weelborg Chevrolet,4.6,25,"$46,995", Chevrolet,2021
619,"['Traverse', 'LS']","22,686 mi.",Pure Country Chevrolet,,0,"$37,989", Chevrolet,2022
620,"['Bolt', 'EUV', 'LT']",369 mi.,Donohoo Chevrolet,4.6,167,"$29,995", Chevrolet,2022
621,"['Chevrolet', 'Tahoe', 'Z']","2,802 mi.",Classic Chevrolet Inc,4.4,389,"$77,620", Chevrolet,2023
622,"['Silverado', '2500', 'LT']","16,176 mi.",Mangino Chevrolet,4.9,313,"$59,469", Chevrolet,2020
623,"['Suburban', 'Premier']","62,614 mi.",DePaula Chevrolet,4.7,6848,"$55,000", Chevrolet,2019
624,"['Silverado', '2500', 'LTZ']","40,467 mi.",Fitzgerald Buick GMC Rockville,4.5,114,"$56,927", Chevrolet,2017
625,"['Seltos', 'S']","31,325 mi.",Kia of Cerritos,4.7,1038,"$25,995", Kia,2021
626,"['Stinger', 'GT']","11,950 mi.",Summit Place Kia East,4.9,1918,"$50,273", Kia,2022
627,"['Carnival', 'SX', 'Prestige']","12,186 mi.",Taylor Kia Hyundai of Toledo,4.8,532,"$55,000", Kia,2022
628,"['Niro', 'Plug-In', 'Hybrid', 'EX']","9,718 mi.",Kia of Augusta,4.8,380,"$36,971", Kia,2022
629,"['Sorento', 'Hybrid', 'S']","44,271 mi.",Landers Kia,4.4,216,"$34,828", Kia,2021
630,"['Sorento', 'S']","1,429 mi.",Kia of Clarksville,4.1,140,"$42,993", Kia,2022
631,"['Kia', 'Sportage', 'X-Line']","6,582 mi.",Smart Kia of Davenport,4.8,280,"$33,660", Kia,2023
632,"['K900', 'Luxury']","19,329 mi.",DCH Kia of Temecula,4.6,78,"$36,999", Kia,2019
633,"['Sorento', 'S']","36,764 mi.",Stokes Kia,4.7,597,"$27,999", Kia,2019
634,"['Kia', 'Sportage', 'X-Line']","8,428 mi.",Germain Kia of Columbus,4.4,241,"$35,571", Kia,2023
635,"['Kia', 'K5', 'GT-Line']","2,255 mi.",Ferguson Superstore,4.9,5918,"$35,000", Kia,2023
636,"['Optima', 'S']","32,736 mi.",All Star Kia of Baton Rouge,4.5,250,"$25,754", Kia,2020
637,"['Telluride', 'SX']","13,971 mi.",Kalidy Kia,2.6,35,"$56,000", Kia,2022
638,"['Carnival', 'LXS']","22,012 mi.",Fred Anderson Kia,4.6,902,"$41,900", Kia,2022
639,"['EV6', 'GT-Line']","4,737 mi.",Rountree Moore Kia,4.7,195,"$59,998", Kia,2022
640,"['Telluride', 'LX']","17,368 mi.",Kia of Columbia,4.6,24,"$36,400", Kia,2020
641,"['Stinger', 'GT']","23,102 mi.",Kia Of Mccomb,3.6,16,"$44,078", Kia,2021
642,"['Cadenza', 'Technology']","32,918 mi.",Kia of Canton,4.7,298,"$29,397", Kia,2019
643,"['Niro', 'EV', 'EX', 'Premium']","7,672 mi.",Kia of Everett,4.8,629,"$43,408", Kia,2020
644,"['Stinger', 'GT-Line']","11,325 mi.",Capital Kia,3.8,71,"$39,477", Kia,2022
645,"['Stinger', 'Premium']","38,052 mi.",Crain Kia,3.6,126,"$30,500", Kia,2018
646,"['Telluride', 'S']","19,015 mi.",Kia of Cerritos,4.7,1038,"$40,995", Kia,2021
647,"['Stinger', 'GT']","11,950 mi.",Summit Place Kia East,4.9,1918,"$50,273", Kia,2022
648,"['Carnival', 'SX', 'Prestige']","12,186 mi.",Taylor Kia Hyundai of Toledo,4.8,532,"$55,000", Kia,2022
649,"['Niro', 'Plug-In', 'Hybrid', 'EX']","9,718 mi.",Kia of Augusta,4.8,380,"$36,971", Kia,2022
650,"['Sorento', 'S']","1,429 mi.",Kia of Clarksville,4.1,140,"$42,993", Kia,2022
651,"['Sorento', 'Hybrid', 'S']","44,271 mi.",Landers Kia,4.4,216,"$34,828", Kia,2021
652,"['K900', 'Luxury']","19,329 mi.",DCH Kia of Temecula,4.6,78,"$36,999", Kia,2019
653,"['Kia', 'Sportage', 'X-Line']","6,582 mi.",Smart Kia of Davenport,4.8,280,"$33,660", Kia,2023
654,"['Sorento', 'S']","36,764 mi.",Stokes Kia,4.7,597,"$27,999", Kia,2019
655,"['Optima', 'S']","32,736 mi.",All Star Kia of Baton Rouge,4.5,250,"$25,754", Kia,2020
656,"['Kia', 'Sportage', 'X-Line']","8,428 mi.",Germain Kia of Columbus,4.4,241,"$35,571", Kia,2023
657,"['Kia', 'K5', 'GT-Line']","2,255 mi.",Ferguson Superstore,4.9,5918,"$35,000", Kia,2023
658,"['Telluride', 'SX']","13,971 mi.",Kalidy Kia,2.6,35,"$56,000", Kia,2022
659,"['EV6', 'GT-Line']","4,737 mi.",Rountree Moore Kia,4.7,195,"$59,998", Kia,2022
660,"['Carnival', 'LXS']","22,012 mi.",Fred Anderson Kia,4.6,902,"$41,900", Kia,2022
661,"['Stinger', 'GT']","23,102 mi.",Kia Of Mccomb,3.6,16,"$44,078", Kia,2021
662,"['Telluride', 'LX']","17,368 mi.",Kia of Columbia,4.6,24,"$36,400", Kia,2020
663,"['Cadenza', 'Technology']","32,918 mi.",Kia of Canton,4.7,298,"$29,397", Kia,2019
664,"['Stinger', 'Premium']","38,052 mi.",Crain Kia,3.6,126,"$30,500", Kia,2018
665,"['Stinger', 'GT-Line']","11,325 mi.",Capital Kia,3.8,71,"$39,477", Kia,2022
666,"['Niro', 'EV', 'EX', 'Premium']","7,672 mi.",Kia of Everett,4.8,629,"$43,408", Kia,2020
667,"['Sorento', 'LX']","24,728 mi.",Kia of Cerritos,4.7,1038,"$26,995", Kia,2019
668,"['Stinger', 'GT']","11,950 mi.",Summit Place Kia East,4.9,1918,"$50,273", Kia,2022
669,"['Niro', 'Plug-In', 'Hybrid', 'EX']","9,718 mi.",Kia of Augusta,4.8,380,"$36,971", Kia,2022
670,"['Carnival', 'SX', 'Prestige']","12,186 mi.",Taylor Kia Hyundai of Toledo,4.8,532,"$55,000", Kia,2022
671,"['Sorento', 'S']","1,429 mi.",Kia of Clarksville,4.1,140,"$42,993", Kia,2022
672,"['Sorento', 'Hybrid', 'S']","44,271 mi.",Landers Kia,4.4,216,"$34,828", Kia,2021
673,"['Kia', 'Sportage', 'X-Line']","6,582 mi.",Smart Kia of Davenport,4.8,280,"$33,660", Kia,2023
674,"['K900', 'Luxury']","19,329 mi.",DCH Kia of Temecula,4.6,78,"$36,999", Kia,2019
675,"['Optima', 'S']","32,736 mi.",All Star Kia of Baton Rouge,4.5,250,"$25,754", Kia,2020
676,"['Kia', 'Sportage', 'X-Line']","8,428 mi.",Germain Kia of Columbus,4.4,241,"$35,571", Kia,2023
677,"['Sorento', 'S']","36,764 mi.",Stokes Kia,4.7,597,"$27,999", Kia,2019
678,"['Kia', 'K5', 'GT-Line']","2,255 mi.",Ferguson Superstore,4.9,5918,"$35,000", Kia,2023
679,"['Telluride', 'SX']","13,971 mi.",Kalidy Kia,2.6,35,"$56,000", Kia,2022
680,"['Carnival', 'LXS']","22,012 mi.",Fred Anderson Kia,4.6,902,"$41,900", Kia,2022
681,"['Telluride', 'LX']","17,368 mi.",Kia of Columbia,4.6,24,"$36,400", Kia,2020
682,"['EV6', 'GT-Line']","4,737 mi.",Rountree Moore Kia,4.7,195,"$59,998", Kia,2022
683,"['Stinger', 'GT']","23,102 mi.",Kia Of Mccomb,3.6,16,"$44,078", Kia,2021
684,"['Cadenza', 'Technology']","32,918 mi.",Kia of Canton,4.7,298,"$29,397", Kia,2019
685,"['Niro', 'EV', 'EX', 'Premium']","7,672 mi.",Kia of Everett,4.8,629,"$43,408", Kia,2020
686,"['Stinger', 'Premium']","38,052 mi.",Crain Kia,3.6,126,"$30,500", Kia,2018
687,"['Stinger', 'GT-Line']","11,325 mi.",Capital Kia,3.8,71,"$39,477", Kia,2022
688,"['Sorento', 'LX']","24,728 mi.",Kia of Cerritos,4.7,1038,"$26,995", Kia,2019
689,"['Stinger', 'GT']","11,950 mi.",Summit Place Kia East,4.9,1918,"$50,273", Kia,2022
690,"['Sorento', 'Hybrid', 'S']","44,271 mi.",Landers Kia,4.4,216,"$34,828", Kia,2021
691,"['Carnival', 'SX', 'Prestige']","12,186 mi.",Taylor Kia Hyundai of Toledo,4.8,532,"$55,000", Kia,2022
692,"['Sorento', 'S']","1,429 mi.",Kia of Clarksville,4.1,140,"$42,993", Kia,2022
693,"['Niro', 'Plug-In', 'Hybrid', 'EX']","9,718 mi.",Kia of Augusta,4.8,380,"$36,971", Kia,2022
694,"['Kia', 'Sportage', 'X-Line']","6,582 mi.",Smart Kia of Davenport,4.8,280,"$33,660", Kia,2023
695,"['Kia', 'Sportage', 'X-Line']","8,428 mi.",Germain Kia of Columbus,4.4,241,"$35,571", Kia,2023
696,"['Sorento', 'S']","36,764 mi.",Stokes Kia,4.7,597,"$27,999", Kia,2019
697,"['K900', 'Luxury']","19,329 mi.",DCH Kia of Temecula,4.6,78,"$36,999", Kia,2019
698,"['Optima', 'S']","32,736 mi.",All Star Kia of Baton Rouge,4.5,250,"$25,754", Kia,2020
699,"['Kia', 'K5', 'GT-Line']","2,255 mi.",Ferguson Superstore,4.9,5918,"$35,000", Kia,2023
700,"['Telluride', 'SX']","13,971 mi.",Kalidy Kia,2.6,35,"$56,000", Kia,2022
701,"['Carnival', 'LXS']","22,012 mi.",Fred Anderson Kia,4.6,902,"$41,900", Kia,2022
702,"['Telluride', 'LX']","17,368 mi.",Kia of Columbia,4.6,24,"$36,400", Kia,2020
703,"['EV6', 'GT-Line']","4,737 mi.",Rountree Moore Kia,4.7,195,"$59,998", Kia,2022
704,"['Stinger', 'GT']","23,102 mi.",Kia Of Mccomb,3.6,16,"$44,078", Kia,2021
705,"['Cadenza', 'Technology']","32,918 mi.",Kia of Canton,4.7,298,"$29,397", Kia,2019
706,"['Stinger', 'Premium']","38,052 mi.",Crain Kia,3.6,126,"$30,500", Kia,2018
707,"['Stinger', 'GT-Line']","11,325 mi.",Capital Kia,3.8,71,"$39,477", Kia,2022
708,"['Niro', 'EV', 'EX', 'Premium']","7,672 mi.",Kia of Everett,4.8,629,"$43,408", Kia,2020
709,"['Sorento', 'LX']","24,728 mi.",Kia of Cerritos,4.7,1038,"$26,995", Kia,2019
710,"['Stinger', 'GT']","11,950 mi.",Summit Place Kia East,4.9,1918,"$50,273", Kia,2022
711,"['Niro', 'Plug-In', 'Hybrid', 'EX']","9,718 mi.",Kia of Augusta,4.8,380,"$36,971", Kia,2022
712,"['Carnival', 'SX', 'Prestige']","12,186 mi.",Taylor Kia Hyundai of Toledo,4.8,532,"$55,000", Kia,2022
713,"['Sorento', 'S']","1,429 mi.",Kia of Clarksville,4.1,140,"$42,993", Kia,2022
714,"['Kia', 'Sportage', 'X-Line']","6,582 mi.",Smart Kia of Davenport,4.8,280,"$33,660", Kia,2023
715,"['Sorento', 'Hybrid', 'S']","44,271 mi.",Landers Kia,4.4,216,"$34,828", Kia,2021
716,"['K900', 'Luxury']","19,329 mi.",DCH Kia of Temecula,4.6,78,"$36,999", Kia,2019
717,"['Optima', 'S']","32,736 mi.",All Star Kia of Baton Rouge,4.5,250,"$25,754", Kia,2020
718,"['Sorento', 'S']","36,764 mi.",Stokes Kia,4.7,597,"$27,999", Kia,2019
719,"['Kia', 'Sportage', 'X-Line']","8,428 mi.",Germain Kia of Columbus,4.4,241,"$35,571", Kia,2023
720,"['Kia', 'K5', 'GT-Line']","2,255 mi.",Ferguson Superstore,4.9,5918,"$35,000", Kia,2023
721,"['Telluride', 'SX']","13,971 mi.",Kalidy Kia,2.6,35,"$56,000", Kia,2022
722,"['Carnival', 'LXS']","22,012 mi.",Fred Anderson Kia,4.6,902,"$41,900", Kia,2022
723,"['Telluride', 'LX']","17,368 mi.",Kia of Columbia,4.6,24,"$36,400", Kia,2020
724,"['EV6', 'GT-Line']","4,737 mi.",Rountree Moore Kia,4.7,195,"$59,998", Kia,2022
725,"['Stinger', 'GT']","23,102 mi.",Kia Of Mccomb,3.6,16,"$44,078", Kia,2021
726,"['Cadenza', 'Technology']","32,918 mi.",Kia of Canton,4.7,298,"$29,397", Kia,2019
727,"['Stinger', 'Premium']","38,052 mi.",Crain Kia,3.6,126,"$30,500", Kia,2018
728,"['Niro', 'EV', 'EX', 'Premium']","7,672 mi.",Kia of Everett,4.8,629,"$43,408", Kia,2020
729,"['Stinger', 'GT-Line']","11,325 mi.",Capital Kia,3.8,71,"$39,477", Kia,2022
730,"['XT6', 'Premium', 'Luxury', 'AWD']","26,111 mi.",Red Noland Cadillac,,0,"$53,989", Cadillac,2020
731,"['XT6', 'Premium', 'Luxury', 'FWD']","44,109 mi.",Mark Christopher Chevrolet Buick GMC Cadillac,4.4,7389,"$43,333", Cadillac,2020
732,"['XT6', 'Premium', 'Luxury', 'FWD']","31,791 mi.",John Elway Cadillac,4.8,287,"$47,000", Cadillac,2020
733,"['CT4', 'Premium', 'Luxury']","1,124 mi.",Randy Marion Chevrolet Buick of Mooresville,4.4,266,"$36,988", Cadillac,2020
734,"['CT5', 'Premium', 'Luxury', 'RWD']","1,538 mi.",Lone Star Cadillac,4.3,303,"$49,219", Cadillac,2022
735,"['CT5', 'Luxury', 'RWD']","30,436 mi.",Baker Buick GMC Cadillac,4.6,203,"$36,495", Cadillac,2020
736,"['XT4', 'Sport']","23,164 mi.",Boucher Cadillac of Waukesha,4.7,545,"$39,985", Cadillac,2020
737,"['CT4', 'Sport']","5,949 mi.",Key Chevrolet Buick GMC Cadillac of Burlington,4.4,168,"$42,818", Cadillac,2021
738,"['CT6', '2.0L', 'Turbo', 'Luxury']","36,619 mi.",Cadillac of Las Vegas,4.7,299,"$38,998", Cadillac,2018
739,"['XT4', 'Premium', 'Luxury']","32,521 mi.",Tom Kelley Cadillac,4.9,436,"$33,908", Cadillac,2020
740,"['ATS', '2.0L', 'Turbo']","12,715 mi.",Ocean Cadillac,4.6,803,"$30,500", Cadillac,2019
741,"['CT4-V', 'V-Series']","2,185 mi.","Delaware Cadillac, Subaru, Kia",4.8,962,"$54,900", Cadillac,2022
742,"['XT4', 'Sport']","59,143 mi.",Corwin Motors Kalispell,4.7,143,"$34,713", Cadillac,2019
743,"['Escalade', 'ESV', 'Platinum']","46,188 mi.",John Elway Cadillac,4.8,287,"$63,484", Cadillac,2018
744,"['CT6', 'Luxury']","16,781 mi.",Robert Basil Buick GMC Cadillac,4.5,236,"$59,916", Cadillac,2020
745,"['CT4', 'Luxury']","4,988 mi.",Crest Auto Group,4.5,565,"$37,465", Cadillac,2022
746,"['Escalade', 'ESV', 'Premium', 'Luxury']","39,558 mi.",Royal Buick GMC Cadillac Tucson,4.9,1494,"$69,990", Cadillac,2020
747,"['CT5', 'Luxury', 'RWD']","10,811 mi.","Delaware Cadillac, Subaru, Kia",4.8,962,"$39,991", Cadillac,2021
748,"['ATS', '2.0L', 'Turbo', 'Luxury']","23,875 mi.",Paul Conte Cadillac,4.8,1385,"$34,995", Cadillac,2019
749,"['CTS', '2.0L', 'Turbo', 'Luxury']","32,992 mi.",Cole Valley Cadillac,4.6,133,"$34,777", Cadillac,2019
750,"['ATS', '2.0L', 'Turbo', 'Luxury']","16,660 mi.",Big Star Cadillac,4.8,886,"$27,999", Cadillac,2018
751,"['XT6', 'Premium', 'Luxury', 'AWD']","26,111 mi.",Red Noland Cadillac,,0,"$53,989", Cadillac,2020
752,"['CT5', 'Premium', 'Luxury', 'RWD']","1,538 mi.",Lone Star Cadillac,4.3,303,"$49,219", Cadillac,2022
753,"['XT6', 'Premium', 'Luxury', 'FWD']","44,109 mi.",Mark Christopher Chevrolet Buick GMC Cadillac,4.4,7389,"$43,333", Cadillac,2020
754,"['CT4', 'Premium', 'Luxury']","1,124 mi.",Randy Marion Chevrolet Buick of Mooresville,4.4,266,"$36,988", Cadillac,2020
755,"['XT6', 'Premium', 'Luxury', 'FWD']","31,791 mi.",John Elway Cadillac,4.8,287,"$47,000", Cadillac,2020
756,"['CT5', 'Luxury', 'RWD']","30,436 mi.",Baker Buick GMC Cadillac,4.6,203,"$36,495", Cadillac,2020
757,"['CT6', '2.0L', 'Turbo', 'Luxury']","36,619 mi.",Cadillac of Las Vegas,4.7,299,"$38,998", Cadillac,2018
758,"['XT4', 'Sport']","23,164 mi.",Boucher Cadillac of Waukesha,4.7,545,"$39,985", Cadillac,2020
759,"['XT4', 'Premium', 'Luxury']","32,521 mi.",Tom Kelley Cadillac,4.9,436,"$33,908", Cadillac,2020
760,"['CT4', 'Sport']","5,949 mi.",Key Chevrolet Buick GMC Cadillac of Burlington,4.4,168,"$42,818", Cadillac,2021
761,"['ATS', '2.0L', 'Turbo']","12,715 mi.",Ocean Cadillac,4.6,803,"$30,500", Cadillac,2019
762,"['CT4-V', 'V-Series']","2,185 mi.","Delaware Cadillac, Subaru, Kia",4.8,962,"$54,900", Cadillac,2022
763,"['XT4', 'Sport']","59,143 mi.",Corwin Motors Kalispell,4.7,143,"$34,713", Cadillac,2019
764,"['Escalade', 'ESV', 'Platinum']","46,188 mi.",John Elway Cadillac,4.8,287,"$63,484", Cadillac,2018
765,"['CT6', 'Luxury']","16,781 mi.",Robert Basil Buick GMC Cadillac,4.5,236,"$59,916", Cadillac,2020
766,"['CT5', 'Luxury', 'RWD']","10,811 mi.","Delaware Cadillac, Subaru, Kia",4.8,962,"$39,991", Cadillac,2021
767,"['CT4', 'Luxury']","4,988 mi.",Crest Auto Group,4.5,565,"$37,465", Cadillac,2022
768,"['Escalade', 'ESV', 'Premium', 'Luxury']","39,558 mi.",Royal Buick GMC Cadillac Tucson,4.9,1494,"$69,990", Cadillac,2020
769,"['ATS', '2.0L', 'Turbo', 'Luxury']","23,875 mi.",Paul Conte Cadillac,4.8,1385,"$34,995", Cadillac,2019
770,"['CTS', '2.0L', 'Turbo', 'Luxury']","32,992 mi.",Cole Valley Cadillac,4.6,133,"$34,777", Cadillac,2019
771,"['ATS', '2.0L', 'Turbo', 'Luxury']","16,660 mi.",Big Star Cadillac,4.8,886,"$27,999", Cadillac,2018
772,"['CT4', 'V-Series']","24,554 mi.",Red Noland Cadillac,,0,"$48,489", Cadillac,2020
773,"['XT6', 'Premium', 'Luxury', 'FWD']","31,791 mi.",John Elway Cadillac,4.8,287,"$47,000", Cadillac,2020
774,"['XT6', 'Premium', 'Luxury', 'FWD']","44,109 mi.",Mark Christopher Chevrolet Buick GMC Cadillac,4.4,7389,"$43,333", Cadillac,2020
775,"['CT5', 'Premium', 'Luxury', 'RWD']","1,538 mi.",Lone Star Cadillac,4.3,303,"$49,219", Cadillac,2022
776,"['CT4', 'Premium', 'Luxury']","1,124 mi.",Randy Marion Chevrolet Buick of Mooresville,4.4,266,"$36,988", Cadillac,2020
777,"['CT5', 'Luxury', 'RWD']","30,436 mi.",Baker Buick GMC Cadillac,4.6,203,"$36,495", Cadillac,2020
778,"['XT4', 'Sport']","23,164 mi.",Boucher Cadillac of Waukesha,4.7,545,"$39,985", Cadillac,2020
779,"['XT4', 'Premium', 'Luxury']","32,521 mi.",Tom Kelley Cadillac,4.9,436,"$33,908", Cadillac,2020
780,"['CT6', '2.0L', 'Turbo', 'Luxury']","36,619 mi.",Cadillac of Las Vegas,4.7,299,"$38,998", Cadillac,2018
781,"['CT4', 'Sport']","5,949 mi.",Key Chevrolet Buick GMC Cadillac of Burlington,4.4,168,"$42,818", Cadillac,2021
782,"['ATS', '2.0L', 'Turbo']","12,715 mi.",Ocean Cadillac,4.6,803,"$30,500", Cadillac,2019
783,"['XT4', 'Sport']","59,143 mi.",Corwin Motors Kalispell,4.7,143,"$34,713", Cadillac,2019
784,"['CT4-V', 'V-Series']","2,185 mi.","Delaware Cadillac, Subaru, Kia",4.8,962,"$54,900", Cadillac,2022
785,"['CT6', 'Luxury']","16,781 mi.",Robert Basil Buick GMC Cadillac,4.5,236,"$59,916", Cadillac,2020
786,"['Escalade', 'ESV', 'Platinum']","46,188 mi.",John Elway Cadillac,4.8,287,"$63,484", Cadillac,2018
787,"['CT5', 'Luxury', 'RWD']","10,811 mi.","Delaware Cadillac, Subaru, Kia",4.8,962,"$39,991", Cadillac,2021
788,"['Escalade', 'ESV', 'Premium', 'Luxury']","39,558 mi.",Royal Buick GMC Cadillac Tucson,4.9,1494,"$69,990", Cadillac,2020
789,"['CT4', 'Luxury']","4,988 mi.",Crest Auto Group,4.5,565,"$37,465", Cadillac,2022
790,"['ATS', '2.0L', 'Turbo', 'Luxury']","23,875 mi.",Paul Conte Cadillac,4.8,1385,"$34,995", Cadillac,2019
791,"['CTS', '2.0L', 'Turbo', 'Luxury']","32,992 mi.",Cole Valley Cadillac,4.6,133,"$34,777", Cadillac,2019
792,"['ATS', '2.0L', 'Turbo', 'Luxury']","16,660 mi.",Big Star Cadillac,4.8,886,"$27,999", Cadillac,2018
793,"['XT6', 'Premium', 'Luxury', 'AWD']","26,111 mi.",Red Noland Cadillac,,0,"$53,989", Cadillac,2020
794,"['XT6', 'Premium', 'Luxury', 'FWD']","31,791 mi.",John Elway Cadillac,4.8,287,"$47,000", Cadillac,2020
795,"['XT6', 'Premium', 'Luxury', 'FWD']","44,109 mi.",Mark Christopher Chevrolet Buick GMC Cadillac,4.4,7389,"$43,333", Cadillac,2020
796,"['CT5', 'Premium', 'Luxury', 'RWD']","1,538 mi.",Lone Star Cadillac,4.3,303,"$49,219", Cadillac,2022
797,"['CT4', 'Premium', 'Luxury']","1,124 mi.",Randy Marion Chevrolet Buick of Mooresville,4.4,266,"$36,988", Cadillac,2020
798,"['CT5', 'Luxury', 'RWD']","30,436 mi.",Baker Buick GMC Cadillac,4.6,203,"$36,495", Cadillac,2020
799,"['XT4', 'Sport']","23,164 mi.",Boucher Cadillac of Waukesha,4.7,545,"$39,985", Cadillac,2020
800,"['CT4', 'Sport']","5,949 mi.",Key Chevrolet Buick GMC Cadillac of Burlington,4.4,168,"$42,818", Cadillac,2021
801,"['CT6', '2.0L', 'Turbo', 'Luxury']","36,619 mi.",Cadillac of Las Vegas,4.7,299,"$38,998", Cadillac,2018
802,"['XT4', 'Premium', 'Luxury']","32,521 mi.",Tom Kelley Cadillac,4.9,436,"$33,908", Cadillac,2020
803,"['ATS', '2.0L', 'Turbo']","12,715 mi.",Ocean Cadillac,4.6,803,"$30,500", Cadillac,2019
804,"['XT4', 'Sport']","59,143 mi.",Corwin Motors Kalispell,4.7,143,"$34,713", Cadillac,2019
805,"['CT4-V', 'V-Series']","2,185 mi.","Delaware Cadillac, Subaru, Kia",4.8,962,"$54,900", Cadillac,2022
806,"['CT6', 'Luxury']","16,781 mi.",Robert Basil Buick GMC Cadillac,4.5,236,"$59,916", Cadillac,2020
807,"['Escalade', 'ESV', 'Platinum']","46,188 mi.",John Elway Cadillac,4.8,287,"$63,484", Cadillac,2018
808,"['CT5', 'Luxury', 'RWD']","10,811 mi.","Delaware Cadillac, Subaru, Kia",4.8,962,"$39,991", Cadillac,2021
809,"['Escalade', 'ESV', 'Premium', 'Luxury']","39,558 mi.",Royal Buick GMC Cadillac Tucson,4.9,1494,"$69,990", Cadillac,2020
810,"['CT4', 'Luxury']","4,988 mi.",Crest Auto Group,4.5,565,"$37,465", Cadillac,2022
811,"['ATS', '2.0L', 'Turbo', 'Luxury']","23,875 mi.",Paul Conte Cadillac,4.8,1385,"$34,995", Cadillac,2019
812,"['CTS', '2.0L', 'Turbo', 'Luxury']","32,992 mi.",Cole Valley Cadillac,4.6,133,"$34,777", Cadillac,2019
813,"['ATS', '2.0L', 'Turbo', 'Luxury']","16,660 mi.",Big Star Cadillac,4.8,886,"$27,999", Cadillac,2018
814,"['XT6', 'Premium', 'Luxury', 'AWD']","26,111 mi.",Red Noland Cadillac,,0,"$53,989", Cadillac,2020
815,"['XT6', 'Premium', 'Luxury', 'FWD']","44,109 mi.",Mark Christopher Chevrolet Buick GMC Cadillac,4.4,7389,"$43,333", Cadillac,2020
816,"['XT6', 'Premium', 'Luxury', 'FWD']","31,791 mi.",John Elway Cadillac,4.8,287,"$47,000", Cadillac,2020
817,"['CT4', 'Premium', 'Luxury']","1,124 mi.",Randy Marion Chevrolet Buick of Mooresville,4.4,266,"$36,988", Cadillac,2020
818,"['CT5', 'Premium', 'Luxury', 'RWD']","1,538 mi.",Lone Star Cadillac,4.3,303,"$49,219", Cadillac,2022
819,"['CT5', 'Luxury', 'RWD']","30,436 mi.",Baker Buick GMC Cadillac,4.6,203,"$36,495", Cadillac,2020
820,"['XT4', 'Sport']","23,164 mi.",Boucher Cadillac of Waukesha,4.7,545,"$39,985", Cadillac,2020
821,"['CT4', 'Sport']","5,949 mi.",Key Chevrolet Buick GMC Cadillac of Burlington,4.4,168,"$42,818", Cadillac,2021
822,"['CT6', '2.0L', 'Turbo', 'Luxury']","36,619 mi.",Cadillac of Las Vegas,4.7,299,"$38,998", Cadillac,2018
823,"['XT4', 'Premium', 'Luxury']","32,521 mi.",Tom Kelley Cadillac,4.9,436,"$33,908", Cadillac,2020
824,"['ATS', '2.0L', 'Turbo']","12,715 mi.",Ocean Cadillac,4.6,803,"$30,500", Cadillac,2019
825,"['CT4-V', 'V-Series']","2,185 mi.","Delaware Cadillac, Subaru, Kia",4.8,962,"$54,900", Cadillac,2022
826,"['XT4', 'Sport']","59,143 mi.",Corwin Motors Kalispell,4.7,143,"$34,713", Cadillac,2019
827,"['Escalade', 'ESV', 'Platinum']","46,188 mi.",John Elway Cadillac,4.8,287,"$63,484", Cadillac,2018
828,"['CT6', 'Luxury']","16,781 mi.",Robert Basil Buick GMC Cadillac,4.5,236,"$59,916", Cadillac,2020
829,"['CT4', 'Luxury']","4,988 mi.",Crest Auto Group,4.5,565,"$37,465", Cadillac,2022
830,"['Escalade', 'ESV', 'Premium', 'Luxury']","39,558 mi.",Royal Buick GMC Cadillac Tucson,4.9,1494,"$69,990", Cadillac,2020
831,"['CT5', 'Luxury', 'RWD']","10,811 mi.","Delaware Cadillac, Subaru, Kia",4.8,962,"$39,991", Cadillac,2021
832,"['ATS', '2.0L', 'Turbo', 'Luxury']","23,875 mi.",Paul Conte Cadillac,4.8,1385,"$34,995", Cadillac,2019
833,"['CTS', '2.0L', 'Turbo', 'Luxury']","32,992 mi.",Cole Valley Cadillac,4.6,133,"$34,777", Cadillac,2019
834,"['ATS', '2.0L', 'Turbo', 'Luxury']","16,660 mi.",Big Star Cadillac,4.8,886,"$27,999", Cadillac,2018
